Timestamp,Mode,Target,Model,Encoding,Qubits,Max_Layers,Seed,Kernel_Type,Train_Kernel,Kernel_Optimizer,Optimizer,Tuner,CV_Folds,Features,PCA_Components,Baseline_MAE_kcal_mol,CV_MAE_kcal_mol,Test_MAE_kcal_mol,Test_STD_kcal_mol,Test_MSE_label,Train_Loss_or_TrainMSE,Best_Params
005841,delta,AE,QSVR,cpkernel,3,3,42,fidelity,False,N/A,N/A,skopt,3x1,Par_n_Pople AE_mopac ZPE_TS_P,,10.8686,N/A,8.5361,11.0605,122.596784,132.024385,"OrderedDict([('C', 1000.0), ('epsilon', 0.001)])"
005857,delta,AE,QSVR,chebyshev,3,4,42,fidelity,False,N/A,N/A,skopt,3x1,Par_n_Pople AE_mopac ZPE_TS_P,,10.8686,N/A,8.1117,10.6936,114.437983,120.945407,"OrderedDict([('C', 1000.0), ('epsilon', 0.07164574620414836)])"
005908,delta,AE,QSVR,yz_cx,3,5,42,fidelity,False,N/A,N/A,skopt,3x1,Par_n_Pople AE_mopac ZPE_TS_P,,10.8686,N/A,8.2213,10.6787,114.137044,120.289394,"OrderedDict([('C', 1000.0), ('epsilon', 0.001)])"
005923,delta,AE,QSVR,cpkernel,3,4,42,fidelity,False,N/A,N/A,skopt,3x1,Par_n_Pople AE_mopac ZPE_TS_P,,10.8686,N/A,8.5172,10.9699,120.746065,127.932864,"OrderedDict([('C', 1000.0), ('epsilon', 0.001)])"
005935,delta,AE,QSVR,cpkernel,3,2,42,fidelity,False,N/A,N/A,skopt,3x1,Par_n_Pople AE_mopac ZPE_TS_P,,10.8686,N/A,8.4847,11.0335,122.123442,130.932969,"OrderedDict([('C', 1000.0), ('epsilon', 0.001)])"
005936,delta,AE,QSVR,chebyshev,5,3,42,fidelity,False,N/A,N/A,skopt,3x1,Par_n_Pople AE_mopac ZPE_TS_P ch_f exp_mopac,,10.8686,N/A,7.2405,10.0438,100.880916,102.869657,"OrderedDict([('C', 1000.0), ('epsilon', 0.12037557294262702)])"
005945,delta,AE,QSVR,chebyshev,5,2,42,fidelity,False,N/A,N/A,skopt,3x1,Par_n_Pople AE_mopac ZPE_TS_P ch_f exp_mopac,,10.8686,N/A,7.2868,10.1197,102.408805,103.402192,"OrderedDict([('C', 1000.0), ('epsilon', 0.2382308406065183)])"
010008,delta,AE,QSVR,highdim,3,4,42,fidelity,False,N/A,N/A,skopt,3x1,Par_n_Pople AE_mopac ZPE_TS_P,,10.8686,N/A,8.2999,10.7691,116.040314,126.875144,"OrderedDict([('C', 970.7234977790065), ('epsilon', 1.4269596468018138)])"
010024,delta,AE,QSVR,cpkernel,7,1,42,fidelity,False,N/A,N/A,skopt,3x1,Par_n_Pople AE_mopac ZPE_TS_P ch_f exp_mopac Mul SMR_VSA9,,10.8686,N/A,6.7287,9.0246,81.62909,83.504853,"OrderedDict([('C', 1000.0), ('epsilon', 1.047848119853858)])"
010026,delta,AE,QSVR,yz_cx,3,3,42,fidelity,False,N/A,N/A,skopt,3x1,Par_n_Pople AE_mopac ZPE_TS_P,,10.8686,N/A,8.343,10.8061,116.928927,122.633587,"OrderedDict([('C', 1000.0), ('epsilon', 0.26317179707545924)])"
010047,delta,AE,QSVR,highdim,3,5,42,fidelity,False,N/A,N/A,skopt,3x1,Par_n_Pople AE_mopac ZPE_TS_P,,10.8686,N/A,8.2492,10.7514,115.617487,125.517093,"OrderedDict([('C', 1000.0), ('epsilon', 0.03800285237265086)])"
010104,delta,AE,QSVR,cpkernel,3,5,42,fidelity,False,N/A,N/A,skopt,3x1,Par_n_Pople AE_mopac ZPE_TS_P,,10.8686,N/A,8.5878,11.0602,122.746167,130.177282,"OrderedDict([('C', 1000.0), ('epsilon', 0.001)])"
010145,delta,AE,QSVR,cpkernel,5,3,42,fidelity,False,N/A,N/A,skopt,3x1,Par_n_Pople AE_mopac ZPE_TS_P ch_f exp_mopac,,10.8686,N/A,7.6152,10.3219,106.546943,110.524306,"OrderedDict([('C', 1000.0), ('epsilon', 0.04948596755910139)])"
010156,delta,AE,QSVR,hubregtsen,5,2,42,fidelity,False,N/A,N/A,skopt,3x1,Par_n_Pople AE_mopac ZPE_TS_P ch_f exp_mopac,,10.8686,N/A,7.777,10.5639,111.596944,116.357217,"OrderedDict([('C', 1000.0), ('epsilon', 0.001)])"
010208,delta,AE,QSVR,hubregtsen,5,1,42,fidelity,False,N/A,N/A,skopt,3x1,Par_n_Pople AE_mopac ZPE_TS_P ch_f exp_mopac,,10.8686,N/A,7.736,10.4199,108.577908,116.76798,"OrderedDict([('C', 1000.0), ('epsilon', 0.049587159516815894)])"
010211,delta,AE,QSVR,cpkernel,7,2,42,fidelity,False,N/A,N/A,skopt,3x1,Par_n_Pople AE_mopac ZPE_TS_P ch_f exp_mopac Mul SMR_VSA9,,10.8686,N/A,6.6712,8.9546,80.350825,78.786934,"OrderedDict([('C', 1000.0), ('epsilon', 1.047848119853858)])"
010222,delta,AE,QSVR,highdim,5,5,42,fidelity,False,N/A,N/A,skopt,3x1,Par_n_Pople AE_mopac ZPE_TS_P ch_f exp_mopac,,10.8686,N/A,7.2246,10.0546,101.11002,100.368349,"OrderedDict([('C', 1000.0), ('epsilon', 0.1734522010279197)])"
010258,delta,AE,QSVR,cpkernel,5,4,42,fidelity,False,N/A,N/A,skopt,3x1,Par_n_Pople AE_mopac ZPE_TS_P ch_f exp_mopac,,10.8686,N/A,7.5848,10.2913,105.91583,109.571625,"OrderedDict([('C', 1000.0), ('epsilon', 0.04948596755910139)])"
010323,delta,AE,QSVR,highdim,5,1,42,fidelity,False,N/A,N/A,skopt,3x1,Par_n_Pople AE_mopac ZPE_TS_P ch_f exp_mopac,,10.8686,N/A,7.5977,10.2781,105.645038,110.971703,"OrderedDict([('C', 981.0950743293403), ('epsilon', 0.39356634229742254)])"
010323,delta,AE,QSVR,chebyshev,5,4,42,fidelity,False,N/A,N/A,skopt,3x1,Par_n_Pople AE_mopac ZPE_TS_P ch_f exp_mopac,,10.8686,N/A,7.2178,10.0317,100.640201,101.433836,"OrderedDict([('C', 1000.0), ('epsilon', 0.0063586752731773135)])"
010328,delta,AE,QSVR,chebyshev,5,1,42,fidelity,False,N/A,N/A,skopt,3x1,Par_n_Pople AE_mopac ZPE_TS_P ch_f exp_mopac,,10.8686,N/A,7.8006,10.6401,113.394897,122.619527,"OrderedDict([('C', 1000.0), ('epsilon', 0.0059236288035438515)])"
010342,delta,AE,QSVR,yz_cx,5,1,42,fidelity,False,N/A,N/A,skopt,3x1,Par_n_Pople AE_mopac ZPE_TS_P ch_f exp_mopac,,10.8686,N/A,7.6551,10.3288,106.69121,112.852213,"OrderedDict([('C', 1000.0), ('epsilon', 0.001)])"
010355,delta,AE,QSVR,hubregtsen,5,3,42,fidelity,False,N/A,N/A,skopt,3x1,Par_n_Pople AE_mopac ZPE_TS_P ch_f exp_mopac,,10.8686,N/A,7.6735,10.3725,107.588041,112.627044,"OrderedDict([('C', 994.9962553246583), ('epsilon', 0.04290206263298263)])"
010405,delta,AE,QSVR,cpkernel,7,5,42,fidelity,False,N/A,N/A,skopt,3x1,Par_n_Pople AE_mopac ZPE_TS_P ch_f exp_mopac Mul SMR_VSA9,,10.8686,N/A,6.4174,8.7479,76.683316,75.184527,"OrderedDict([('C', 1000.0), ('epsilon', 1.047848119853858)])"
010414,delta,AE,QSVR,multicontrol,3,1,42,fidelity,False,N/A,N/A,skopt,3x1,Par_n_Pople AE_mopac ZPE_TS_P,,10.8686,N/A,8.5233,11.1257,124.088973,136.734462,"OrderedDict([('C', 1000.0), ('epsilon', 0.3992983875617732)])"
010510,delta,AE,QSVR,cpkernel,7,3,42,fidelity,False,N/A,N/A,skopt,3x1,Par_n_Pople AE_mopac ZPE_TS_P ch_f exp_mopac Mul SMR_VSA9,,10.8686,N/A,6.5829,8.94,80.091546,76.594101,"OrderedDict([('C', 1000.0), ('epsilon', 1.047848119853858)])"
010526,delta,AE,QSVR,paramz,3,2,42,fidelity,False,N/A,N/A,skopt,3x1,Par_n_Pople AE_mopac ZPE_TS_P,,10.8686,N/A,8.5813,11.1934,125.316692,132.928085,"OrderedDict([('C', 980.2691879024452), ('epsilon', 0.9296287907460632)])"
010532,delta,AE,QSVR,yz_cx,5,4,42,fidelity,False,N/A,N/A,skopt,3x1,Par_n_Pople AE_mopac ZPE_TS_P ch_f exp_mopac,,10.8686,N/A,7.3711,10.0748,101.506235,105.098342,"OrderedDict([('C', 1000.0), ('epsilon', 0.5076438708611394)])"
010532,delta,AE,QSVR,multicontrol,5,5,42,fidelity,False,N/A,N/A,skopt,3x1,Par_n_Pople AE_mopac ZPE_TS_P ch_f exp_mopac,,10.8686,N/A,7.4447,10.1564,103.156903,107.472033,"OrderedDict([('C', 984.1245726389288), ('epsilon', 0.386526545631102)])"
010556,delta,AE,QSVR,chebyshev,3,5,42,fidelity,False,N/A,N/A,skopt,3x1,Par_n_Pople AE_mopac ZPE_TS_P,,10.8686,N/A,8.1459,10.8069,116.83385,121.560681,"OrderedDict([('C', 1000.0), ('epsilon', 0.26990043054408436)])"
010609,delta,AE,QSVR,cpkernel,7,4,42,fidelity,False,N/A,N/A,skopt,3x1,Par_n_Pople AE_mopac ZPE_TS_P ch_f exp_mopac Mul SMR_VSA9,,10.8686,N/A,6.4727,8.8118,77.838654,76.372533,"OrderedDict([('C', 1000.0), ('epsilon', 1.047848119853858)])"
010611,delta,AE,QSVR,cpkernel,9,3,42,fidelity,False,N/A,N/A,skopt,3x1,Par_n_Pople AE_mopac ZPE_TS_P ch_f exp_mopac Mul SMR_VSA9 lap_eig_1 Freq,,10.8686,N/A,6.0002,8.1619,66.657482,64.022069,"OrderedDict([('C', 1000.0), ('epsilon', 0.02956831953393965)])"
010644,delta,AE,QSVR,cpkernel,5,1,42,fidelity,False,N/A,N/A,skopt,3x1,Par_n_Pople AE_mopac ZPE_TS_P ch_f exp_mopac,,10.8686,N/A,7.7352,10.4187,108.552006,116.762063,"OrderedDict([('C', 1000.0), ('epsilon', 0.04948596755910139)])"
010711,delta,AE,QSVR,highdim,5,2,42,fidelity,False,N/A,N/A,skopt,3x1,Par_n_Pople AE_mopac ZPE_TS_P ch_f exp_mopac,,10.8686,N/A,7.3969,10.1327,102.673368,105.263919,"OrderedDict([('C', 1000.0), ('epsilon', 0.015866032820133106)])"
010720,delta,AE,QSVR,cpkernel,9,1,42,fidelity,False,N/A,N/A,skopt,3x1,Par_n_Pople AE_mopac ZPE_TS_P ch_f exp_mopac Mul SMR_VSA9 lap_eig_1 Freq,,10.8686,N/A,6.4167,8.6473,74.781979,75.075577,"OrderedDict([('C', 1000.0), ('epsilon', 0.02956831953393965)])"
010729,delta,AE,QSVR,chebyshev,3,3,42,fidelity,False,N/A,N/A,skopt,3x1,Par_n_Pople AE_mopac ZPE_TS_P,,10.8686,N/A,8.1488,10.5571,111.78135,120.638556,"OrderedDict([('C', 1000.0), ('epsilon', 0.013903797016818206)])"
010752,delta,AE,QSVR,multicontrol,5,2,42,fidelity,False,N/A,N/A,skopt,3x1,Par_n_Pople AE_mopac ZPE_TS_P ch_f exp_mopac,,10.8686,N/A,7.6549,10.2651,105.38524,112.846766,"OrderedDict([('C', 1000.0), ('epsilon', 0.003803282081907896)])"
010820,delta,AE,QSVR,multicontrol,3,5,42,fidelity,False,N/A,N/A,skopt,3x1,Par_n_Pople AE_mopac ZPE_TS_P,,10.8686,N/A,8.3686,10.8016,116.847964,123.962437,"OrderedDict([('C', 1000.0), ('epsilon', 1.1652859732507241)])"
010900,delta,AE,QSVR,highdim,3,3,42,fidelity,False,N/A,N/A,skopt,3x1,Par_n_Pople AE_mopac ZPE_TS_P,,10.8686,N/A,8.3682,10.7869,116.426622,127.577666,"OrderedDict([('C', 1000.0), ('epsilon', 0.12523322665864717)])"
010905,delta,AE,QSVR,multicontrol,5,3,42,fidelity,False,N/A,N/A,skopt,3x1,Par_n_Pople AE_mopac ZPE_TS_P ch_f exp_mopac,,10.8686,N/A,7.5965,10.2894,105.883271,110.401938,"OrderedDict([('C', 1000.0), ('epsilon', 0.9125739232194388)])"
010923,delta,AE,QSVR,cpkernel,9,2,42,fidelity,False,N/A,N/A,skopt,3x1,Par_n_Pople AE_mopac ZPE_TS_P ch_f exp_mopac Mul SMR_VSA9 lap_eig_1 Freq,,10.8686,N/A,6.2098,8.4515,71.448696,67.904111,"OrderedDict([('C', 1000.0), ('epsilon', 0.02956831953393965)])"
010927,delta,AE,QSVR,paramz,5,3,42,fidelity,False,N/A,N/A,skopt,3x1,Par_n_Pople AE_mopac ZPE_TS_P ch_f exp_mopac,,10.8686,N/A,7.9306,10.8795,118.433288,121.46693,"OrderedDict([('C', 986.1685000300196), ('epsilon', 0.6604795794828047)])"
010934,delta,AE,QSVR,highdim,5,3,42,fidelity,False,N/A,N/A,skopt,3x1,Par_n_Pople AE_mopac ZPE_TS_P ch_f exp_mopac,,10.8686,N/A,7.3209,10.116,102.334034,103.481123,"OrderedDict([('C', 994.7455067094289), ('epsilon', 0.29363330661220627)])"
010948,delta,AE,QSVR,highdim,5,4,42,fidelity,False,N/A,N/A,skopt,3x1,Par_n_Pople AE_mopac ZPE_TS_P ch_f exp_mopac,,10.8686,N/A,7.2817,10.086,101.738799,102.621976,"OrderedDict([('C', 431.97968616736347), ('epsilon', 0.002613090070732005)])"
010950,delta,AE,QSVR,yz_cx,3,1,42,fidelity,False,N/A,N/A,skopt,3x1,Par_n_Pople AE_mopac ZPE_TS_P,,10.8686,N/A,8.482,11.0676,122.806542,127.93578,"OrderedDict([('C', 1000.0), ('epsilon', 0.436680403477698)])"
010954,delta,AE,QSVR,hubregtsen,3,1,42,fidelity,False,N/A,N/A,skopt,3x1,Par_n_Pople AE_mopac ZPE_TS_P,,10.8686,N/A,8.5233,11.1257,124.0889,136.737249,"OrderedDict([('C', 1000.0), ('epsilon', 0.3993099532961044)])"
011005,delta,AE,QSVR,paramz,5,2,42,fidelity,False,N/A,N/A,skopt,3x1,Par_n_Pople AE_mopac ZPE_TS_P ch_f exp_mopac,,10.8686,N/A,7.4902,10.4618,109.470963,116.247534,"OrderedDict([('C', 1000.0), ('epsilon', 0.5949207256567944)])"
011017,delta,AE,QSVR,multicontrol,3,3,42,fidelity,False,N/A,N/A,skopt,3x1,Par_n_Pople AE_mopac ZPE_TS_P,,10.8686,N/A,8.4239,10.9481,120.090008,125.678316,"OrderedDict([('C', 1000.0), ('epsilon', 0.19868989457238698)])"
011028,delta,AE,QSVR,multicontrol,3,4,42,fidelity,False,N/A,N/A,skopt,3x1,Par_n_Pople AE_mopac ZPE_TS_P,,10.8686,N/A,8.4,10.9071,119.157376,125.108318,"OrderedDict([('C', 434.55950969732356), ('epsilon', 0.001)])"
011036,delta,AE,QSVR,paramz,3,1,42,fidelity,False,N/A,N/A,skopt,3x1,Par_n_Pople AE_mopac ZPE_TS_P,,10.8686,N/A,8.3894,10.9355,119.623351,128.813242,"OrderedDict([('C', 1000.0), ('epsilon', 0.001)])"
011051,delta,AE,QSVR,cpkernel,5,5,42,fidelity,False,N/A,N/A,skopt,3x1,Par_n_Pople AE_mopac ZPE_TS_P ch_f exp_mopac,,10.8686,N/A,7.5217,10.239,104.845811,108.350781,"OrderedDict([('C', 1000.0), ('epsilon', 0.04948596755910139)])"
011129,delta,AE,QSVR,hubregtsen,3,2,42,fidelity,False,N/A,N/A,skopt,3x1,Par_n_Pople AE_mopac ZPE_TS_P,,10.8686,N/A,8.5326,11.2195,126.221217,131.948698,"OrderedDict([('C', 1000.0), ('epsilon', 0.13374470338476027)])"
011152,delta,AE,QSVR,paramz,5,4,42,fidelity,False,N/A,N/A,skopt,3x1,Par_n_Pople AE_mopac ZPE_TS_P ch_f exp_mopac,,10.8686,N/A,7.5601,10.4389,108.993873,115.240427,"OrderedDict([('C', 996.1958201435497), ('epsilon', 0.12401686425480356)])"
011210,delta,AE,QSVR,yz_cx,5,5,42,fidelity,False,N/A,N/A,skopt,3x1,Par_n_Pople AE_mopac ZPE_TS_P ch_f exp_mopac,,10.8686,N/A,7.2917,9.9969,99.939022,103.786372,"OrderedDict([('C', 1000.0), ('epsilon', 0.11793226098958136)])"
011219,delta,AE,QSVR,hubregtsen,5,5,42,fidelity,False,N/A,N/A,skopt,3x1,Par_n_Pople AE_mopac ZPE_TS_P ch_f exp_mopac,,10.8686,N/A,7.5515,10.1808,103.656935,108.81844,"OrderedDict([('C', 956.8771352899986), ('epsilon', 0.33167339965958603)])"
011226,delta,AE,QSVR,cpkernel,9,5,42,fidelity,False,N/A,N/A,skopt,3x1,Par_n_Pople AE_mopac ZPE_TS_P ch_f exp_mopac Mul SMR_VSA9 lap_eig_1 Freq,,10.8686,N/A,5.8546,8.0898,65.457972,57.080488,"OrderedDict([('C', 1000.0), ('epsilon', 0.02956831953393965)])"
011233,delta,AE,QSVR,cpkernel,3,1,42,fidelity,False,N/A,N/A,skopt,3x1,Par_n_Pople AE_mopac ZPE_TS_P,,10.8686,N/A,8.5474,11.0953,123.344568,133.160028,"OrderedDict([('C', 1000.0), ('epsilon', 0.001)])"
011234,delta,AE,QSVR,yz_cx,5,3,42,fidelity,False,N/A,N/A,skopt,3x1,Par_n_Pople AE_mopac ZPE_TS_P ch_f exp_mopac,,10.8686,N/A,7.5095,10.2162,104.372082,107.254041,"OrderedDict([('C', 1000.0), ('epsilon', 0.5669965482174307)])"
011252,delta,AE,QSVR,multicontrol,5,4,42,fidelity,False,N/A,N/A,skopt,3x1,Par_n_Pople AE_mopac ZPE_TS_P ch_f exp_mopac,,10.8686,N/A,7.5263,10.2328,104.716215,108.695829,"OrderedDict([('C', 1000.0), ('epsilon', 0.06367710371102175)])"
011253,delta,AE,QSVR,chebyshev,5,5,42,fidelity,False,N/A,N/A,skopt,3x1,Par_n_Pople AE_mopac ZPE_TS_P ch_f exp_mopac,,10.8686,N/A,7.1381,10.0422,100.87435,99.084725,"OrderedDict([('C', 1000.0), ('epsilon', 0.001)])"
011309,delta,AE,QSVR,paramz,3,3,42,fidelity,False,N/A,N/A,skopt,3x1,Par_n_Pople AE_mopac ZPE_TS_P,,10.8686,N/A,8.5821,11.2775,127.210962,137.005056,"OrderedDict([('C', 1000.0), ('epsilon', 0.002211391346143275)])"
011309,delta,AE,QSVR,highdim,3,2,42,fidelity,False,N/A,N/A,skopt,3x1,Par_n_Pople AE_mopac ZPE_TS_P,,10.8686,N/A,8.4572,10.9465,119.87963,131.734446,"OrderedDict([('C', 1000.0), ('epsilon', 0.007200411576259495)])"
011318,delta,AE,QSVR,yz_cx,7,5,42,fidelity,False,N/A,N/A,skopt,3x1,Par_n_Pople AE_mopac ZPE_TS_P ch_f exp_mopac Mul SMR_VSA9,,10.8686,N/A,6.2498,8.7521,76.675776,65.843311,"OrderedDict([('C', 989.0337481298137), ('epsilon', 0.1180522634550542)])"
011319,delta,AE,QSVR,yz_cx,5,2,42,fidelity,False,N/A,N/A,skopt,3x1,Par_n_Pople AE_mopac ZPE_TS_P ch_f exp_mopac,,10.8686,N/A,7.6304,10.3313,106.765602,110.84134,"OrderedDict([('C', 994.7455067094289), ('epsilon', 0.29363330661220627)])"
011337,delta,AE,QSVR,paramz,3,5,42,fidelity,False,N/A,N/A,skopt,3x1,Par_n_Pople AE_mopac ZPE_TS_P,,10.8686,N/A,8.8333,11.5742,134.105606,142.315524,"OrderedDict([('C', 1000.0), ('epsilon', 0.35208401354689933)])"
011337,delta,AE,QSVR,yz_cx,7,4,42,fidelity,False,N/A,N/A,skopt,3x1,Par_n_Pople AE_mopac ZPE_TS_P ch_f exp_mopac Mul SMR_VSA9,,10.8686,N/A,6.2811,8.7931,77.397881,67.933276,"OrderedDict([('C', 997.9226067365712), ('epsilon', 0.1001411895402663)])"
011340,delta,AE,QSVR,highdim,7,1,42,fidelity,False,N/A,N/A,skopt,3x1,Par_n_Pople AE_mopac ZPE_TS_P ch_f exp_mopac Mul SMR_VSA9,,10.8686,N/A,6.4426,8.8247,78.064952,75.985462,"OrderedDict([('C', 1000.0), ('epsilon', 0.2794280539600863)])"
011341,delta,AE,QSVR,yz_cx,7,3,42,fidelity,False,N/A,N/A,skopt,3x1,Par_n_Pople AE_mopac ZPE_TS_P ch_f exp_mopac Mul SMR_VSA9,,10.8686,N/A,6.3072,8.8235,77.956871,70.300339,"OrderedDict([('C', 994.7455067094289), ('epsilon', 0.29363330661220627)])"
011358,delta,AE,QSVR,highdim,7,2,42,fidelity,False,N/A,N/A,skopt,3x1,Par_n_Pople AE_mopac ZPE_TS_P ch_f exp_mopac Mul SMR_VSA9,,10.8686,N/A,6.2802,8.7713,77.023623,69.550613,"OrderedDict([('C', 698.9933030976449), ('epsilon', 0.05011373258597104)])"
011439,delta,AE,QSVR,multicontrol,7,1,42,fidelity,False,N/A,N/A,skopt,3x1,Par_n_Pople AE_mopac ZPE_TS_P ch_f exp_mopac Mul SMR_VSA9,,10.8686,N/A,6.7329,9.0392,81.936959,82.958467,"OrderedDict([('C', 986.1685000300196), ('epsilon', 0.6604795794828047)])"
011442,delta,AE,QSVR,highdim,7,3,42,fidelity,False,N/A,N/A,skopt,3x1,Par_n_Pople AE_mopac ZPE_TS_P ch_f exp_mopac Mul SMR_VSA9,,10.8686,N/A,6.1506,8.6564,75.00893,63.645982,"OrderedDict([('C', 1000.0), ('epsilon', 0.8204177651809831)])"
011442,delta,AE,QSVR,paramz,5,1,42,fidelity,False,N/A,N/A,skopt,3x1,Par_n_Pople AE_mopac ZPE_TS_P ch_f exp_mopac,,10.8686,N/A,7.6104,10.3706,107.704668,114.582396,"OrderedDict([('C', 1000.0), ('epsilon', 0.07567910385791232)])"
011445,delta,AE,QSVR,paramz,3,4,42,fidelity,False,N/A,N/A,skopt,3x1,Par_n_Pople AE_mopac ZPE_TS_P,,10.8686,N/A,8.4397,11.0297,121.672333,135.562288,"OrderedDict([('C', 1000.0), ('epsilon', 0.001)])"
011455,delta,AE,QSVR,cpkernel,9,4,42,fidelity,False,N/A,N/A,skopt,3x1,Par_n_Pople AE_mopac ZPE_TS_P ch_f exp_mopac Mul SMR_VSA9 lap_eig_1 Freq,,10.8686,N/A,5.9523,8.1736,66.825046,60.490659,"OrderedDict([('C', 1000.0), ('epsilon', 0.02956831953393965)])"
011512,delta,AE,QSVR,chebyshev,3,2,42,fidelity,False,N/A,N/A,skopt,3x1,Par_n_Pople AE_mopac ZPE_TS_P,,10.8686,N/A,8.2142,10.6673,114.12309,121.438555,"OrderedDict([('C', 1000.0), ('epsilon', 0.001)])"
011537,delta,AE,QSVR,yz_cx,3,4,42,fidelity,False,N/A,N/A,skopt,3x1,Par_n_Pople AE_mopac ZPE_TS_P,,10.8686,N/A,8.2723,10.7054,114.824078,122.418459,"OrderedDict([('C', 1000.0), ('epsilon', 0.001)])"
011544,delta,AE,QSVR,highdim,7,4,42,fidelity,False,N/A,N/A,skopt,3x1,Par_n_Pople AE_mopac ZPE_TS_P ch_f exp_mopac Mul SMR_VSA9,,10.8686,N/A,6.0517,8.4873,72.135139,63.853157,"OrderedDict([('C', 195.02536045147846), ('epsilon', 0.04270105632611934)])"
011659,delta,AE,QSVR,chebyshev,7,2,42,fidelity,False,N/A,N/A,skopt,3x1,Par_n_Pople AE_mopac ZPE_TS_P ch_f exp_mopac Mul SMR_VSA9,,10.8686,N/A,6.094,8.5903,73.852008,65.005218,"OrderedDict([('C', 999.4964131619836), ('epsilon', 0.06342317018463173)])"
011712,delta,AE,QSVR,multicontrol,3,2,42,fidelity,False,N/A,N/A,skopt,3x1,Par_n_Pople AE_mopac ZPE_TS_P,,10.8686,N/A,8.4809,11.0416,122.217258,128.683799,"OrderedDict([('C', 1000.0), ('epsilon', 1.132480358474038)])"
011721,delta,AE,QSVR,highdim,3,1,42,fidelity,False,N/A,N/A,skopt,3x1,Par_n_Pople AE_mopac ZPE_TS_P,,10.8686,N/A,9.6335,12.318,151.859172,162.821179,"OrderedDict([('C', 1000.0), ('epsilon', 0.001)])"
011901,delta,AE,QSVR,chebyshev,7,1,42,fidelity,False,N/A,N/A,skopt,3x1,Par_n_Pople AE_mopac ZPE_TS_P ch_f exp_mopac Mul SMR_VSA9,,10.8686,N/A,6.9047,9.3116,86.727385,89.101909,"OrderedDict([('C', 1000.0), ('epsilon', 0.12278086161453716)])"
011901,delta,AE,QSVR,chebyshev,3,1,42,fidelity,False,N/A,N/A,skopt,3x1,Par_n_Pople AE_mopac ZPE_TS_P,,10.8686,N/A,8.4614,10.965,120.342104,129.357689,"OrderedDict([('C', 1000.0), ('epsilon', 0.001)])"
011913,delta,AE,QSVR,paramz,5,5,42,fidelity,False,N/A,N/A,skopt,3x1,Par_n_Pople AE_mopac ZPE_TS_P ch_f exp_mopac,,10.8686,N/A,7.9504,10.8108,116.879544,119.716133,"OrderedDict([('C', 1000.0), ('epsilon', 0.11811582194349006)])"
011930,delta,AE,QSVR,hubregtsen,3,4,42,fidelity,False,N/A,N/A,skopt,3x1,Par_n_Pople AE_mopac ZPE_TS_P,,10.8686,N/A,8.4023,10.8593,118.215798,125.092619,"OrderedDict([('C', 1000.0), ('epsilon', 0.709026585794781)])"
011949,delta,AE,QSVR,yz_cx,7,2,42,fidelity,False,N/A,N/A,skopt,3x1,Par_n_Pople AE_mopac ZPE_TS_P ch_f exp_mopac Mul SMR_VSA9,,10.8686,N/A,6.4084,8.8101,77.776445,73.952016,"OrderedDict([('C', 1000.0), ('epsilon', 1.2131411727164578)])"
012054,delta,AE,QSVR,cpkernel,5,2,42,fidelity,False,N/A,N/A,skopt,3x1,Par_n_Pople AE_mopac ZPE_TS_P ch_f exp_mopac,,10.8686,N/A,7.6539,10.2807,105.70946,112.370146,"OrderedDict([('C', 1000.0), ('epsilon', 0.04948596755910139)])"
012118,delta,AE,QSVR,yz_cx,3,2,42,fidelity,False,N/A,N/A,skopt,3x1,Par_n_Pople AE_mopac ZPE_TS_P,,10.8686,N/A,8.427,10.91,119.309693,125.683233,"OrderedDict([('C', 366.16930225202987), ('epsilon', 0.5019765632292417)])"
012127,delta,AE,QSVR,yz_cx,7,1,42,fidelity,False,N/A,N/A,skopt,3x1,Par_n_Pople AE_mopac ZPE_TS_P ch_f exp_mopac Mul SMR_VSA9,,10.8686,N/A,6.5636,8.9267,79.913751,78.173284,"OrderedDict([('C', 1000.0), ('epsilon', 0.7830206122295934)])"
012238,delta,AE,QSVR,hubregtsen,3,5,42,fidelity,False,N/A,N/A,skopt,3x1,Par_n_Pople AE_mopac ZPE_TS_P,,10.8686,N/A,8.4052,10.9414,119.893339,125.81222,"OrderedDict([('C', 1000.0), ('epsilon', 0.004352905526626391)])"
012259,delta,AE,QSVR,hubregtsen,5,4,42,fidelity,False,N/A,N/A,skopt,3x1,Par_n_Pople AE_mopac ZPE_TS_P ch_f exp_mopac,,10.8686,N/A,7.5896,10.2056,104.163286,110.788774,"OrderedDict([('C', 990.4699226069198), ('epsilon', 0.4745681510438829)])"
012440,delta,AE,QSVR,hubregtsen,3,3,42,fidelity,False,N/A,N/A,skopt,3x1,Par_n_Pople AE_mopac ZPE_TS_P,,10.8686,N/A,8.4384,10.9698,120.630272,126.326409,"OrderedDict([('C', 1000.0), ('epsilon', 0.001)])"
012525,delta,AE,QSVR,multicontrol,5,1,42,fidelity,False,N/A,N/A,skopt,3x1,Par_n_Pople AE_mopac ZPE_TS_P ch_f exp_mopac,,10.8686,N/A,7.736,10.42,108.578256,116.767865,"OrderedDict([('C', 1000.0), ('epsilon', 0.049514828028356)])"
012558,delta,AE,QSVR,hubregtsen,7,4,42,fidelity,False,N/A,N/A,skopt,3x1,Par_n_Pople AE_mopac ZPE_TS_P ch_f exp_mopac Mul SMR_VSA9,,10.8686,N/A,6.5975,8.9514,80.313943,78.08742,"OrderedDict([('C', 1000.0), ('epsilon', 0.1608608530169714)])"
012757,delta,AE,QSVR,highdim,7,5,42,fidelity,False,N/A,N/A,skopt,3x1,Par_n_Pople AE_mopac ZPE_TS_P ch_f exp_mopac Mul SMR_VSA9,,10.8686,N/A,6.0078,8.4076,70.721906,62.098936,"OrderedDict([('C', 133.02433003523018), ('epsilon', 0.17511906617715164)])"
012956,delta,AE,QSVR,hubregtsen,7,1,42,fidelity,False,N/A,N/A,skopt,3x1,Par_n_Pople AE_mopac ZPE_TS_P ch_f exp_mopac Mul SMR_VSA9,,10.8686,N/A,6.7329,9.0392,81.936959,82.958467,"OrderedDict([('C', 986.1685000300196), ('epsilon', 0.6604795794828047)])"
013028,delta,AE,QSVR,paramz,7,3,42,fidelity,False,N/A,N/A,skopt,3x1,Par_n_Pople AE_mopac ZPE_TS_P ch_f exp_mopac Mul SMR_VSA9,,10.8686,N/A,7.0403,10.2582,105.275896,85.034553,"OrderedDict([('C', 1000.0), ('epsilon', 0.08011139951315499)])"
013120,delta,AE,QSVR,multicontrol,7,4,42,fidelity,False,N/A,N/A,skopt,3x1,Par_n_Pople AE_mopac ZPE_TS_P ch_f exp_mopac Mul SMR_VSA9,,10.8686,N/A,6.3583,8.8002,77.582431,72.583621,"OrderedDict([('C', 1000.0), ('epsilon', 0.3057802799834316)])"
013144,delta,AE,QSVR,hubregtsen,7,2,42,fidelity,False,N/A,N/A,skopt,3x1,Par_n_Pople AE_mopac ZPE_TS_P ch_f exp_mopac Mul SMR_VSA9,,10.8686,N/A,6.6983,9.166,84.253117,82.625891,"OrderedDict([('C', 1000.0), ('epsilon', 0.8098589082452654)])"
013413,delta,AE,QSVR,paramz,7,5,42,fidelity,False,N/A,N/A,skopt,3x1,Par_n_Pople AE_mopac ZPE_TS_P ch_f exp_mopac Mul SMR_VSA9,,10.8686,N/A,7.1338,9.8932,97.876371,83.457256,"OrderedDict([('C', 1000.0), ('epsilon', 0.36696486046883786)])"
013444,delta,AE,QSVR,paramz,7,2,42,fidelity,False,N/A,N/A,skopt,3x1,Par_n_Pople AE_mopac ZPE_TS_P ch_f exp_mopac Mul SMR_VSA9,,10.8686,N/A,6.8449,10.1882,103.924949,76.961543,"OrderedDict([('C', 999.383474290371), ('epsilon', 0.06859022050936524)])"
013453,delta,AE,QSVR,multicontrol,7,5,42,fidelity,False,N/A,N/A,skopt,3x1,Par_n_Pople AE_mopac ZPE_TS_P ch_f exp_mopac Mul SMR_VSA9,,10.8686,N/A,6.2885,8.7297,76.303916,70.110252,"OrderedDict([('C', 984.0164963019823), ('epsilon', 0.658429838902395)])"
013553,delta,AE,QSVR,multicontrol,7,3,42,fidelity,False,N/A,N/A,skopt,3x1,Par_n_Pople AE_mopac ZPE_TS_P ch_f exp_mopac Mul SMR_VSA9,,10.8686,N/A,6.4408,8.808,77.742616,75.108033,"OrderedDict([('C', 984.0164963019823), ('epsilon', 0.658429838902395)])"
013623,delta,AE,QSVR,paramz,7,4,42,fidelity,False,N/A,N/A,skopt,3x1,Par_n_Pople AE_mopac ZPE_TS_P ch_f exp_mopac Mul SMR_VSA9,,10.8686,N/A,6.67,9.4163,89.006954,77.986231,"OrderedDict([('C', 326.67835090312474), ('epsilon', 0.06096246093172537)])"
013748,delta,AE,QSVR,multicontrol,7,2,42,fidelity,False,N/A,N/A,skopt,3x1,Par_n_Pople AE_mopac ZPE_TS_P ch_f exp_mopac Mul SMR_VSA9,,10.8686,N/A,6.62,8.9319,79.948156,78.231897,"OrderedDict([('C', 999.5399912906773), ('epsilon', 0.12469453992124929)])"
013955,delta,AE,QSVR,chebyshev,7,5,42,fidelity,False,N/A,N/A,skopt,3x1,Par_n_Pople AE_mopac ZPE_TS_P ch_f exp_mopac Mul SMR_VSA9,,10.8686,N/A,6.0586,8.8885,79.152355,48.464228,"OrderedDict([('C', 1000.0), ('epsilon', 0.007560220348583568)])"
014016,delta,AE,QSVR,paramz,7,1,42,fidelity,False,N/A,N/A,skopt,3x1,Par_n_Pople AE_mopac ZPE_TS_P ch_f exp_mopac Mul SMR_VSA9,,10.8686,N/A,7.046,10.6482,113.383476,81.877784,"OrderedDict([('C', 1000.0), ('epsilon', 0.001)])"
014250,delta,AE,QSVR,chebyshev,7,3,42,fidelity,False,N/A,N/A,skopt,3x1,Par_n_Pople AE_mopac ZPE_TS_P ch_f exp_mopac Mul SMR_VSA9,,10.8686,N/A,6.0634,8.936,79.907279,56.432523,"OrderedDict([('C', 1000.0), ('epsilon', 0.003112377796776843)])"
014415,delta,AE,QSVR,hubregtsen,7,5,42,fidelity,False,N/A,N/A,skopt,3x1,Par_n_Pople AE_mopac ZPE_TS_P ch_f exp_mopac Mul SMR_VSA9,,10.8686,N/A,6.4967,8.8516,78.505881,75.515489,"OrderedDict([('C', 1000.0), ('epsilon', 0.037520000543261774)])"
014642,delta,AE,QSVR,chebyshev,7,4,42,fidelity,False,N/A,N/A,skopt,3x1,Par_n_Pople AE_mopac ZPE_TS_P ch_f exp_mopac Mul SMR_VSA9,,10.8686,N/A,6.0545,8.8131,77.730298,53.681499,"OrderedDict([('C', 1000.0), ('epsilon', 0.001)])"
015424,delta,AE,QSVR,hubregtsen,7,3,42,fidelity,False,N/A,N/A,skopt,3x1,Par_n_Pople AE_mopac ZPE_TS_P ch_f exp_mopac Mul SMR_VSA9,,10.8686,N/A,6.6643,8.9707,80.704916,79.660718,"OrderedDict([('C', 1000.0), ('epsilon', 0.5975842974831128)])"
024913,direct,AE,QSVR,chebyshev,3,4,42,fidelity,False,N/A,N/A,skopt,3x1,Par_n_Pople AE_mopac ZPE_TS_P,,10.8686,N/A,8.3067,11.0316,122.056149,133.928048,"OrderedDict([('C', 1000.0), ('epsilon', 0.001)])"
025004,direct,AE,QSVR,cpkernel,3,3,42,fidelity,False,N/A,N/A,skopt,3x1,Par_n_Pople AE_mopac ZPE_TS_P,,10.8686,N/A,8.5681,11.2296,126.415046,132.925575,"OrderedDict([('C', 1000.0), ('epsilon', 0.004648074129013011)])"
025116,direct,AE,QSVR,cpkernel,3,4,42,fidelity,False,N/A,N/A,skopt,3x1,Par_n_Pople AE_mopac ZPE_TS_P,,10.8686,N/A,8.5633,11.0069,121.629643,129.99464,"OrderedDict([('C', 1000.0), ('epsilon', 0.004648074129013011)])"
025130,direct,AE,QSVR,yz_cx,3,5,42,fidelity,False,N/A,N/A,skopt,3x1,Par_n_Pople AE_mopac ZPE_TS_P,,10.8686,N/A,8.2584,10.6865,114.294577,120.331125,"OrderedDict([('C', 1000.0), ('epsilon', 0.011387051838375437)])"
025131,direct,AE,QSVR,chebyshev,5,3,42,fidelity,False,N/A,N/A,skopt,3x1,Par_n_Pople AE_mopac ZPE_TS_P ch_f exp_mopac,,10.8686,N/A,7.2464,10.0892,101.807331,102.757031,"OrderedDict([('C', 1000.0), ('epsilon', 0.001)])"
025147,direct,AE,QSVR,chebyshev,5,2,42,fidelity,False,N/A,N/A,skopt,3x1,Par_n_Pople AE_mopac ZPE_TS_P ch_f exp_mopac,,10.8686,N/A,7.2637,10.0736,101.47773,103.419161,"OrderedDict([('C', 1000.0), ('epsilon', 0.001)])"
025152,direct,AE,QSVR,cpkernel,3,2,42,fidelity,False,N/A,N/A,skopt,3x1,Par_n_Pople AE_mopac ZPE_TS_P,,10.8686,N/A,8.4869,11.0112,121.611962,129.710249,"OrderedDict([('C', 1000.0), ('epsilon', 0.004648074129013011)])"
025222,direct,AE,QSVR,cpkernel,7,1,42,fidelity,False,N/A,N/A,skopt,3x1,Par_n_Pople AE_mopac ZPE_TS_P ch_f exp_mopac Mul SMR_VSA9,,10.8686,N/A,6.7222,9.0286,81.702062,84.045774,"OrderedDict([('C', 1000.0), ('epsilon', 0.001)])"
025259,direct,AE,QSVR,yz_cx,3,3,42,fidelity,False,N/A,N/A,skopt,3x1,Par_n_Pople AE_mopac ZPE_TS_P,,10.8686,N/A,8.379,10.7966,116.772614,123.384724,"OrderedDict([('C', 737.5856338169245), ('epsilon', 0.005237257503418091)])"
025311,direct,AE,QSVR,highdim,3,4,42,fidelity,False,N/A,N/A,skopt,3x1,Par_n_Pople AE_mopac ZPE_TS_P,,10.8686,N/A,8.34,10.8975,118.906001,127.403959,"OrderedDict([('C', 1000.0), ('epsilon', 0.13357185379129333)])"
025408,direct,AE,QSVR,highdim,3,5,42,fidelity,False,N/A,N/A,skopt,3x1,Par_n_Pople AE_mopac ZPE_TS_P,,10.8686,N/A,8.3086,10.8561,117.93937,128.164379,"OrderedDict([('C', 1000.0), ('epsilon', 0.010882389848061903)])"
025419,direct,AE,QSVR,cpkernel,7,2,42,fidelity,False,N/A,N/A,skopt,3x1,Par_n_Pople AE_mopac ZPE_TS_P ch_f exp_mopac Mul SMR_VSA9,,10.8686,N/A,6.6605,8.9226,79.781436,78.996706,"OrderedDict([('C', 1000.0), ('epsilon', 0.001)])"
025711,direct,AE,QSVR,highdim,5,5,42,fidelity,False,N/A,N/A,skopt,3x1,Par_n_Pople AE_mopac ZPE_TS_P ch_f exp_mopac,,10.8686,N/A,7.2381,10.0827,101.676476,100.281309,"OrderedDict([('C', 1000.0), ('epsilon', 0.5707620092379267)])"
025723,direct,AE,QSVR,hubregtsen,5,2,42,fidelity,False,N/A,N/A,skopt,3x1,Par_n_Pople AE_mopac ZPE_TS_P ch_f exp_mopac,,10.8686,N/A,7.8008,10.5863,112.077248,120.123845,"OrderedDict([('C', 1000.0), ('epsilon', 0.001)])"
025752,direct,AE,QSVR,chebyshev,5,1,42,fidelity,False,N/A,N/A,skopt,3x1,Par_n_Pople AE_mopac ZPE_TS_P ch_f exp_mopac,,10.8686,N/A,9.1855,13.565,184.026899,198.698558,"OrderedDict([('C', 1000.0), ('epsilon', 0.022331981948281586)])"
025755,direct,AE,QSVR,hubregtsen,5,1,42,fidelity,False,N/A,N/A,skopt,3x1,Par_n_Pople AE_mopac ZPE_TS_P ch_f exp_mopac,,10.8686,N/A,7.7185,10.3612,107.368185,116.835409,"OrderedDict([('C', 1000.0), ('epsilon', 0.004479458898978268)])"
025802,direct,AE,QSVR,multicontrol,3,1,42,fidelity,False,N/A,N/A,skopt,3x1,Par_n_Pople AE_mopac ZPE_TS_P,,10.8686,N/A,8.5073,11.0513,122.381091,136.529111,"OrderedDict([('C', 1000.0), ('epsilon', 0.001)])"
025842,direct,AE,QSVR,chebyshev,5,4,42,fidelity,False,N/A,N/A,skopt,3x1,Par_n_Pople AE_mopac ZPE_TS_P ch_f exp_mopac,,10.8686,N/A,7.2608,10.1423,102.866769,101.416566,"OrderedDict([('C', 1000.0), ('epsilon', 0.05064091540786812)])"
025934,direct,AE,QSVR,highdim,5,1,42,fidelity,False,N/A,N/A,skopt,3x1,Par_n_Pople AE_mopac ZPE_TS_P ch_f exp_mopac,,10.8686,N/A,7.5886,10.2758,105.596818,111.091842,"OrderedDict([('C', 1000.0), ('epsilon', 0.7185141929865608)])"
030023,direct,AE,QSVR,cpkernel,7,5,42,fidelity,False,N/A,N/A,skopt,3x1,Par_n_Pople AE_mopac ZPE_TS_P ch_f exp_mopac Mul SMR_VSA9,,10.8686,N/A,6.4092,8.7486,76.701149,75.817128,"OrderedDict([('C', 1000.0), ('epsilon', 0.001)])"
030027,direct,AE,QSVR,cpkernel,3,5,42,fidelity,False,N/A,N/A,skopt,3x1,Par_n_Pople AE_mopac ZPE_TS_P,,10.8686,N/A,8.5521,11.0612,122.60042,129.374364,"OrderedDict([('C', 1000.0), ('epsilon', 0.004648074129013011)])"
030032,direct,AE,QSVR,multicontrol,5,5,42,fidelity,False,N/A,N/A,skopt,3x1,Par_n_Pople AE_mopac ZPE_TS_P ch_f exp_mopac,,10.8686,N/A,7.449,10.1571,103.169145,107.471842,"OrderedDict([('C', 1000.0), ('epsilon', 0.001)])"
030042,direct,AE,QSVR,yz_cx,5,1,42,fidelity,False,N/A,N/A,skopt,3x1,Par_n_Pople AE_mopac ZPE_TS_P ch_f exp_mopac,,10.8686,N/A,7.6408,10.3072,106.244726,113.281016,"OrderedDict([('C', 1000.0), ('epsilon', 0.001)])"
030123,direct,AE,QSVR,hubregtsen,5,3,42,fidelity,False,N/A,N/A,skopt,3x1,Par_n_Pople AE_mopac ZPE_TS_P ch_f exp_mopac,,10.8686,N/A,7.6646,10.3424,106.964527,112.750408,"OrderedDict([('C', 1000.0), ('epsilon', 0.001)])"
030136,direct,AE,QSVR,multicontrol,3,5,42,fidelity,False,N/A,N/A,skopt,3x1,Par_n_Pople AE_mopac ZPE_TS_P,,10.8686,N/A,8.3802,10.8461,117.820649,124.355498,"OrderedDict([('C', 531.4067263363289), ('epsilon', 0.001000105851577859)])"
030231,direct,AE,QSVR,cpkernel,9,3,42,fidelity,False,N/A,N/A,skopt,3x1,Par_n_Pople AE_mopac ZPE_TS_P ch_f exp_mopac Mul SMR_VSA9 lap_eig_1 Freq,,10.8686,N/A,6.0271,8.2106,67.459265,64.211858,"OrderedDict([('C', 1000.0), ('epsilon', 0.09335296519890147)])"
030235,direct,AE,QSVR,yz_cx,5,4,42,fidelity,False,N/A,N/A,skopt,3x1,Par_n_Pople AE_mopac ZPE_TS_P ch_f exp_mopac,,10.8686,N/A,7.3618,10.0251,100.50331,105.091027,"OrderedDict([('C', 1000.0), ('epsilon', 0.5203907068785034)])"
030257,direct,AE,QSVR,cpkernel,7,3,42,fidelity,False,N/A,N/A,skopt,3x1,Par_n_Pople AE_mopac ZPE_TS_P ch_f exp_mopac Mul SMR_VSA9,,10.8686,N/A,6.568,8.9026,79.42854,76.970259,"OrderedDict([('C', 1000.0), ('epsilon', 0.001)])"
030311,direct,AE,QSVR,chebyshev,3,5,42,fidelity,False,N/A,N/A,skopt,3x1,Par_n_Pople AE_mopac ZPE_TS_P,,10.8686,N/A,8.3964,11.238,126.524947,131.778293,"OrderedDict([('C', 1000.0), ('epsilon', 0.001)])"
030406,direct,AE,QSVR,cpkernel,7,4,42,fidelity,False,N/A,N/A,skopt,3x1,Par_n_Pople AE_mopac ZPE_TS_P ch_f exp_mopac Mul SMR_VSA9,,10.8686,N/A,6.4738,8.8148,77.850531,76.939905,"OrderedDict([('C', 1000.0), ('epsilon', 0.001)])"
030438,direct,AE,QSVR,highdim,5,2,42,fidelity,False,N/A,N/A,skopt,3x1,Par_n_Pople AE_mopac ZPE_TS_P ch_f exp_mopac,,10.8686,N/A,7.3888,10.1105,102.222746,105.241024,"OrderedDict([('C', 1000.0), ('epsilon', 0.001)])"
030510,direct,AE,QSVR,multicontrol,3,4,42,fidelity,False,N/A,N/A,skopt,3x1,Par_n_Pople AE_mopac ZPE_TS_P,,10.8686,N/A,8.3777,10.8621,118.15173,124.633374,"OrderedDict([('C', 1000.0), ('epsilon', 0.001)])"
030615,direct,AE,QSVR,cpkernel,5,4,42,fidelity,False,N/A,N/A,skopt,3x1,Par_n_Pople AE_mopac ZPE_TS_P ch_f exp_mopac,,10.8686,N/A,7.5757,10.2704,105.486605,109.485913,"OrderedDict([('C', 1000.0), ('epsilon', 0.005456513961536851)])"
030633,direct,AE,QSVR,cpkernel,5,3,42,fidelity,False,N/A,N/A,skopt,3x1,Par_n_Pople AE_mopac ZPE_TS_P ch_f exp_mopac,,10.8686,N/A,7.615,10.3378,106.875239,110.586198,"OrderedDict([('C', 1000.0), ('epsilon', 0.005456513961536851)])"
030707,direct,AE,QSVR,cpkernel,9,1,42,fidelity,False,N/A,N/A,skopt,3x1,Par_n_Pople AE_mopac ZPE_TS_P ch_f exp_mopac Mul SMR_VSA9 lap_eig_1 Freq,,10.8686,N/A,6.4475,8.6647,75.091721,75.265515,"OrderedDict([('C', 1000.0), ('epsilon', 0.09335296519890147)])"
030722,direct,AE,QSVR,paramz,5,3,42,fidelity,False,N/A,N/A,skopt,3x1,Par_n_Pople AE_mopac ZPE_TS_P ch_f exp_mopac,,10.8686,N/A,10.5928,14.3579,207.932367,222.571107,"OrderedDict([('C', 1000.0), ('epsilon', 0.01435607483331353)])"
030750,direct,AE,QSVR,cpkernel,9,2,42,fidelity,False,N/A,N/A,skopt,3x1,Par_n_Pople AE_mopac ZPE_TS_P ch_f exp_mopac Mul SMR_VSA9 lap_eig_1 Freq,,10.8686,N/A,6.2132,8.4692,71.746018,68.02155,"OrderedDict([('C', 1000.0), ('epsilon', 0.09335296519890147)])"
030751,direct,AE,QSVR,chebyshev,3,3,42,fidelity,False,N/A,N/A,skopt,3x1,Par_n_Pople AE_mopac ZPE_TS_P,,10.8686,N/A,8.1827,10.6062,112.87576,121.87339,"OrderedDict([('C', 1000.0), ('epsilon', 0.008263533457965704)])"
030948,direct,AE,QSVR,cpkernel,5,5,42,fidelity,False,N/A,N/A,skopt,3x1,Par_n_Pople AE_mopac ZPE_TS_P ch_f exp_mopac,,10.8686,N/A,7.5192,10.2351,104.76519,108.289205,"OrderedDict([('C', 1000.0), ('epsilon', 0.005456513961536851)])"
030956,direct,AE,QSVR,paramz,5,4,42,fidelity,False,N/A,N/A,skopt,3x1,Par_n_Pople AE_mopac ZPE_TS_P ch_f exp_mopac,,10.8686,N/A,8.9806,13.2308,175.411395,181.624074,"OrderedDict([('C', 1000.0), ('epsilon', 0.0047388779359316706)])"
031000,direct,AE,QSVR,highdim,5,4,42,fidelity,False,N/A,N/A,skopt,3x1,Par_n_Pople AE_mopac ZPE_TS_P ch_f exp_mopac,,10.8686,N/A,7.2559,10.1142,102.320585,101.776015,"OrderedDict([('C', 1000.0), ('epsilon', 0.19696301189829055)])"
031010,direct,AE,QSVR,yz_cx,3,1,42,fidelity,False,N/A,N/A,skopt,3x1,Par_n_Pople AE_mopac ZPE_TS_P,,10.8686,N/A,8.4706,11.0183,121.733782,127.974058,"OrderedDict([('C', 1000.0), ('epsilon', 0.00827116076139373)])"
031022,direct,AE,QSVR,paramz,5,2,42,fidelity,False,N/A,N/A,skopt,3x1,Par_n_Pople AE_mopac ZPE_TS_P ch_f exp_mopac,,10.8686,N/A,8.3237,13.0089,169.598161,167.347424,"OrderedDict([('C', 1000.0), ('epsilon', 0.001)])"
031029,direct,AE,QSVR,multicontrol,3,3,42,fidelity,False,N/A,N/A,skopt,3x1,Par_n_Pople AE_mopac ZPE_TS_P,,10.8686,N/A,8.4189,10.9278,119.679689,126.172093,"OrderedDict([('C', 1000.0), ('epsilon', 0.001)])"
031039,direct,AE,QSVR,highdim,5,3,42,fidelity,False,N/A,N/A,skopt,3x1,Par_n_Pople AE_mopac ZPE_TS_P ch_f exp_mopac,,10.8686,N/A,7.3352,10.1437,102.895151,103.379898,"OrderedDict([('C', 1000.0), ('epsilon', 0.6436232339763289)])"
031053,direct,AE,QSVR,highdim,3,3,42,fidelity,False,N/A,N/A,skopt,3x1,Par_n_Pople AE_mopac ZPE_TS_P,,10.8686,N/A,8.426,10.8824,118.530384,128.924644,"OrderedDict([('C', 1000.0), ('epsilon', 0.001)])"
031100,direct,AE,QSVR,multicontrol,5,4,42,fidelity,False,N/A,N/A,skopt,3x1,Par_n_Pople AE_mopac ZPE_TS_P ch_f exp_mopac,,10.8686,N/A,7.5234,10.2397,104.864354,108.719285,"OrderedDict([('C', 1000.0), ('epsilon', 0.3673157870449588)])"
031158,direct,AE,QSVR,multicontrol,5,2,42,fidelity,False,N/A,N/A,skopt,3x1,Par_n_Pople AE_mopac ZPE_TS_P ch_f exp_mopac,,10.8686,N/A,7.6605,10.2685,105.451266,113.080169,"OrderedDict([('C', 1000.0), ('epsilon', 0.001)])"
031255,direct,AE,QSVR,paramz,3,2,42,fidelity,False,N/A,N/A,skopt,3x1,Par_n_Pople AE_mopac ZPE_TS_P,,10.8686,N/A,8.5553,11.1549,124.545353,139.242454,"OrderedDict([('C', 1000.0), ('epsilon', 0.2612703628306809)])"
031404,direct,AE,QSVR,multicontrol,5,3,42,fidelity,False,N/A,N/A,skopt,3x1,Par_n_Pople AE_mopac ZPE_TS_P ch_f exp_mopac,,10.8686,N/A,7.603,10.3054,106.204763,110.430417,"OrderedDict([('C', 1000.0), ('epsilon', 0.001)])"
031533,direct,AE,QSVR,cpkernel,9,5,42,fidelity,False,N/A,N/A,skopt,3x1,Par_n_Pople AE_mopac ZPE_TS_P ch_f exp_mopac Mul SMR_VSA9 lap_eig_1 Freq,,10.8686,N/A,5.8613,8.1086,65.764604,57.051741,"OrderedDict([('C', 1000.0), ('epsilon', 0.09335296519890147)])"
031605,direct,AE,QSVR,highdim,3,2,42,fidelity,False,N/A,N/A,skopt,3x1,Par_n_Pople AE_mopac ZPE_TS_P,,10.8686,N/A,8.5232,10.9845,120.790159,134.282349,"OrderedDict([('C', 1000.0), ('epsilon', 0.001)])"
031611,direct,AE,QSVR,cpkernel,5,1,42,fidelity,False,N/A,N/A,skopt,3x1,Par_n_Pople AE_mopac ZPE_TS_P ch_f exp_mopac,,10.8686,N/A,7.7175,10.3609,107.363225,116.882628,"OrderedDict([('C', 1000.0), ('epsilon', 0.005456513961536851)])"
031613,direct,AE,QSVR,hubregtsen,3,1,42,fidelity,False,N/A,N/A,skopt,3x1,Par_n_Pople AE_mopac ZPE_TS_P,,10.8686,N/A,8.5073,11.0513,122.381091,136.529111,"OrderedDict([('C', 1000.0), ('epsilon', 0.001)])"
031620,direct,AE,QSVR,hubregtsen,3,2,42,fidelity,False,N/A,N/A,skopt,3x1,Par_n_Pople AE_mopac ZPE_TS_P,,10.8686,N/A,8.569,11.2044,125.955409,134.883141,"OrderedDict([('C', 1000.0), ('epsilon', 0.0014912785317735856)])"
031656,direct,AE,QSVR,yz_cx,5,5,42,fidelity,False,N/A,N/A,skopt,3x1,Par_n_Pople AE_mopac ZPE_TS_P ch_f exp_mopac,,10.8686,N/A,7.2891,9.9858,99.719016,103.730288,"OrderedDict([('C', 1000.0), ('epsilon', 0.001)])"
031708,direct,AE,QSVR,chebyshev,5,5,42,fidelity,False,N/A,N/A,skopt,3x1,Par_n_Pople AE_mopac ZPE_TS_P ch_f exp_mopac,,10.8686,N/A,7.1872,10.1545,103.125748,99.126869,"OrderedDict([('C', 1000.0), ('epsilon', 0.001)])"
031727,direct,AE,QSVR,cpkernel,3,1,42,fidelity,False,N/A,N/A,skopt,3x1,Par_n_Pople AE_mopac ZPE_TS_P,,10.8686,N/A,8.5298,11.0215,121.709241,132.922992,"OrderedDict([('C', 1000.0), ('epsilon', 0.004648074129013011)])"
031737,direct,AE,QSVR,paramz,3,5,42,fidelity,False,N/A,N/A,skopt,3x1,Par_n_Pople AE_mopac ZPE_TS_P,,10.8686,N/A,11.0402,15.7948,252.976969,260.689945,"OrderedDict([('C', 1000.0), ('epsilon', 0.05047039443896315)])"
031743,direct,AE,QSVR,hubregtsen,5,5,42,fidelity,False,N/A,N/A,skopt,3x1,Par_n_Pople AE_mopac ZPE_TS_P ch_f exp_mopac,,10.8686,N/A,7.539,10.1756,103.553818,108.837667,"OrderedDict([('C', 1000.0), ('epsilon', 0.32285397665559135)])"
031745,direct,AE,QSVR,paramz,3,1,42,fidelity,False,N/A,N/A,skopt,3x1,Par_n_Pople AE_mopac ZPE_TS_P,,10.8686,N/A,8.6157,11.2342,126.315193,140.616081,"OrderedDict([('C', 1000.0), ('epsilon', 0.001)])"
031753,direct,AE,QSVR,paramz,3,4,42,fidelity,False,N/A,N/A,skopt,3x1,Par_n_Pople AE_mopac ZPE_TS_P,,10.8686,N/A,10.7849,15.6588,245.207326,256.976261,"OrderedDict([('C', 1000.0), ('epsilon', 0.7740454398092566)])"
031815,direct,AE,QSVR,paramz,3,3,42,fidelity,False,N/A,N/A,skopt,3x1,Par_n_Pople AE_mopac ZPE_TS_P,,10.8686,N/A,9.0912,12.7596,163.27424,171.16854,"OrderedDict([('C', 1000.0), ('epsilon', 0.001)])"
031838,direct,AE,QSVR,yz_cx,5,3,42,fidelity,False,N/A,N/A,skopt,3x1,Par_n_Pople AE_mopac ZPE_TS_P ch_f exp_mopac,,10.8686,N/A,7.4978,10.2118,104.282464,107.432489,"OrderedDict([('C', 1000.0), ('epsilon', 0.04214589906304901)])"
031919,direct,AE,QSVR,multicontrol,7,1,42,fidelity,False,N/A,N/A,skopt,3x1,Par_n_Pople AE_mopac ZPE_TS_P ch_f exp_mopac Mul SMR_VSA9,,10.8686,N/A,6.7342,9.0357,81.881826,83.088316,"OrderedDict([('C', 1000.0), ('epsilon', 0.0016845800156103728)])"
031949,direct,AE,QSVR,yz_cx,7,5,42,fidelity,False,N/A,N/A,skopt,3x1,Par_n_Pople AE_mopac ZPE_TS_P ch_f exp_mopac Mul SMR_VSA9,,10.8686,N/A,6.2354,8.7402,76.479052,65.898191,"OrderedDict([('C', 1000.0), ('epsilon', 0.13597860983560742)])"
031950,direct,AE,QSVR,highdim,7,1,42,fidelity,False,N/A,N/A,skopt,3x1,Par_n_Pople AE_mopac ZPE_TS_P ch_f exp_mopac Mul SMR_VSA9,,10.8686,N/A,6.4517,8.8236,78.054607,76.080035,"OrderedDict([('C', 1000.0), ('epsilon', 0.19350608400005256)])"
032010,direct,AE,QSVR,yz_cx,5,2,42,fidelity,False,N/A,N/A,skopt,3x1,Par_n_Pople AE_mopac ZPE_TS_P ch_f exp_mopac,,10.8686,N/A,7.6317,10.3,106.112505,111.442868,"OrderedDict([('C', 1000.0), ('epsilon', 0.5471785286318058)])"
032015,direct,AE,QSVR,yz_cx,7,4,42,fidelity,False,N/A,N/A,skopt,3x1,Par_n_Pople AE_mopac ZPE_TS_P ch_f exp_mopac Mul SMR_VSA9,,10.8686,N/A,6.2612,8.7669,76.953044,67.772244,"OrderedDict([('C', 1000.0), ('epsilon', 0.01192345245476617)])"
032027,direct,AE,QSVR,cpkernel,9,4,42,fidelity,False,N/A,N/A,skopt,3x1,Par_n_Pople AE_mopac ZPE_TS_P ch_f exp_mopac Mul SMR_VSA9 lap_eig_1 Freq,,10.8686,N/A,5.9658,8.2019,67.292861,60.587834,"OrderedDict([('C', 1000.0), ('epsilon', 0.09335296519890147)])"
032038,direct,AE,QSVR,highdim,7,2,42,fidelity,False,N/A,N/A,skopt,3x1,Par_n_Pople AE_mopac ZPE_TS_P ch_f exp_mopac Mul SMR_VSA9,,10.8686,N/A,6.2859,8.7718,77.054835,68.770918,"OrderedDict([('C', 1000.0), ('epsilon', 0.26208227270400164)])"
032049,direct,AE,QSVR,paramz,5,1,42,fidelity,False,N/A,N/A,skopt,3x1,Par_n_Pople AE_mopac ZPE_TS_P ch_f exp_mopac,,10.8686,N/A,7.8174,10.7466,115.509967,126.407166,"OrderedDict([('C', 1000.0), ('epsilon', 0.3377374069228438)])"
032149,direct,AE,QSVR,highdim,7,3,42,fidelity,False,N/A,N/A,skopt,3x1,Par_n_Pople AE_mopac ZPE_TS_P ch_f exp_mopac Mul SMR_VSA9,,10.8686,N/A,6.1187,8.5078,72.492444,66.205213,"OrderedDict([('C', 356.905866511491), ('epsilon', 0.0010661214533010817)])"
032213,direct,AE,QSVR,yz_cx,7,3,42,fidelity,False,N/A,N/A,skopt,3x1,Par_n_Pople AE_mopac ZPE_TS_P ch_f exp_mopac Mul SMR_VSA9,,10.8686,N/A,6.283,8.8021,77.594566,70.385612,"OrderedDict([('C', 1000.0), ('epsilon', 0.17241266457636545)])"
032411,direct,AE,QSVR,highdim,7,4,42,fidelity,False,N/A,N/A,skopt,3x1,Par_n_Pople AE_mopac ZPE_TS_P ch_f exp_mopac Mul SMR_VSA9,,10.8686,N/A,6.0265,8.4308,71.183993,63.553471,"OrderedDict([('C', 210.22080457380844), ('epsilon', 0.07480147180025455)])"
032444,direct,AE,QSVR,yz_cx,3,4,42,fidelity,False,N/A,N/A,skopt,3x1,Par_n_Pople AE_mopac ZPE_TS_P,,10.8686,N/A,8.2773,10.6946,114.625543,122.012457,"OrderedDict([('C', 1000.0), ('epsilon', 0.017326539622200425)])"
032542,direct,AE,QSVR,highdim,3,1,42,fidelity,False,N/A,N/A,skopt,3x1,Par_n_Pople AE_mopac ZPE_TS_P,,10.8686,N/A,9.9202,12.6978,161.389247,172.678673,"OrderedDict([('C', 647.1264036143094), ('epsilon', 0.028445066446234974)])"
032628,direct,AE,QSVR,chebyshev,7,2,42,fidelity,False,N/A,N/A,skopt,3x1,Par_n_Pople AE_mopac ZPE_TS_P ch_f exp_mopac Mul SMR_VSA9,,10.8686,N/A,6.1972,8.8789,78.969273,65.132337,"OrderedDict([('C', 1000.0), ('epsilon', 0.2523013715757937)])"
032717,direct,AE,QSVR,multicontrol,5,1,42,fidelity,False,N/A,N/A,skopt,3x1,Par_n_Pople AE_mopac ZPE_TS_P ch_f exp_mopac,,10.8686,N/A,7.7185,10.3612,107.368052,116.834763,"OrderedDict([('C', 1000.0), ('epsilon', 0.004479240190432722)])"
032735,direct,AE,QSVR,chebyshev,7,1,42,fidelity,False,N/A,N/A,skopt,3x1,Par_n_Pople AE_mopac ZPE_TS_P ch_f exp_mopac Mul SMR_VSA9,,10.8686,N/A,6.9217,9.3542,87.522644,89.162821,"OrderedDict([('C', 1000.0), ('epsilon', 0.12809670819365032)])"
032808,direct,AE,QSVR,chebyshev,3,2,42,fidelity,False,N/A,N/A,skopt,3x1,Par_n_Pople AE_mopac ZPE_TS_P,,10.8686,N/A,8.228,10.675,114.370393,121.532748,"OrderedDict([('C', 999.8979924807944), ('epsilon', 0.002330118276728737)])"
032812,direct,AE,QSVR,cpkernel,5,2,42,fidelity,False,N/A,N/A,skopt,3x1,Par_n_Pople AE_mopac ZPE_TS_P ch_f exp_mopac,,10.8686,N/A,7.6477,10.279,105.674458,112.572624,"OrderedDict([('C', 1000.0), ('epsilon', 0.005456513961536851)])"
032836,direct,AE,QSVR,paramz,5,5,42,fidelity,False,N/A,N/A,skopt,3x1,Par_n_Pople AE_mopac ZPE_TS_P ch_f exp_mopac,,10.8686,N/A,9.7015,14.0365,197.031422,199.809293,"OrderedDict([('C', 1000.0), ('epsilon', 0.029017432869990447)])"
032950,direct,AE,QSVR,multicontrol,3,2,42,fidelity,False,N/A,N/A,skopt,3x1,Par_n_Pople AE_mopac ZPE_TS_P,,10.8686,N/A,8.5039,11.0822,123.127064,129.233368,"OrderedDict([('C', 1000.0), ('epsilon', 0.0075761365151773815)])"
033027,direct,AE,QSVR,chebyshev,3,1,42,fidelity,False,N/A,N/A,skopt,3x1,Par_n_Pople AE_mopac ZPE_TS_P,,10.8686,N/A,8.4921,11.0916,123.164136,130.074877,"OrderedDict([('C', 1000.0), ('epsilon', 0.6446775927213957)])"
033036,direct,AE,QSVR,yz_cx,3,2,42,fidelity,False,N/A,N/A,skopt,3x1,Par_n_Pople AE_mopac ZPE_TS_P,,10.8686,N/A,8.4774,11.0017,121.374723,126.408141,"OrderedDict([('C', 1000.0), ('epsilon', 0.00754553156467374)])"
033108,direct,AE,QSVR,hubregtsen,3,4,42,fidelity,False,N/A,N/A,skopt,3x1,Par_n_Pople AE_mopac ZPE_TS_P,,10.8686,N/A,8.4175,10.8702,118.425492,125.58143,"OrderedDict([('C', 1000.0), ('epsilon', 0.035336610689207036)])"
033540,direct,AE,QSVR,yz_cx,7,1,42,fidelity,False,N/A,N/A,skopt,3x1,Par_n_Pople AE_mopac ZPE_TS_P ch_f exp_mopac Mul SMR_VSA9,,10.8686,N/A,6.5615,8.9224,79.792028,78.379346,"OrderedDict([('C', 1000.0), ('epsilon', 0.22396691307445182)])"
033721,direct,AE,QSVR,hubregtsen,3,5,42,fidelity,False,N/A,N/A,skopt,3x1,Par_n_Pople AE_mopac ZPE_TS_P,,10.8686,N/A,8.429,10.9556,120.318699,125.977553,"OrderedDict([('C', 1000.0), ('epsilon', 0.014652691091138061)])"
033817,direct,AE,QSVR,yz_cx,7,2,42,fidelity,False,N/A,N/A,skopt,3x1,Par_n_Pople AE_mopac ZPE_TS_P ch_f exp_mopac Mul SMR_VSA9,,10.8686,N/A,6.4138,8.785,77.320335,74.440771,"OrderedDict([('C', 1000.0), ('epsilon', 0.011958430339944284)])"
033904,direct,AE,QSVR,multicontrol,7,4,42,fidelity,False,N/A,N/A,skopt,3x1,Par_n_Pople AE_mopac ZPE_TS_P ch_f exp_mopac Mul SMR_VSA9,,10.8686,N/A,6.3441,8.762,76.924313,72.689888,"OrderedDict([('C', 1000.0), ('epsilon', 0.15211428865123747)])"
034039,direct,AE,QSVR,hubregtsen,5,4,42,fidelity,False,N/A,N/A,skopt,3x1,Par_n_Pople AE_mopac ZPE_TS_P ch_f exp_mopac,,10.8686,N/A,7.5767,10.1903,103.850235,111.088041,"OrderedDict([('C', 1000.0), ('epsilon', 0.037754177034650865)])"
034255,direct,AE,QSVR,hubregtsen,7,4,42,fidelity,False,N/A,N/A,skopt,3x1,Par_n_Pople AE_mopac ZPE_TS_P ch_f exp_mopac Mul SMR_VSA9,,10.8686,N/A,6.5977,8.951,80.305016,78.078276,"OrderedDict([('C', 1000.0), ('epsilon', 0.04873523116157606)])"
034404,direct,AE,QSVR,hubregtsen,3,3,42,fidelity,False,N/A,N/A,skopt,3x1,Par_n_Pople AE_mopac ZPE_TS_P,,10.8686,N/A,8.4446,10.9127,119.397166,126.288494,"OrderedDict([('C', 1000.0), ('epsilon', 0.001)])"
034703,direct,AE,QSVR,paramz,7,3,42,fidelity,False,N/A,N/A,skopt,3x1,Par_n_Pople AE_mopac ZPE_TS_P ch_f exp_mopac Mul SMR_VSA9,,10.8686,N/A,7.5237,11.0729,122.993695,118.072268,"OrderedDict([('C', 975.7771383523067), ('epsilon', 0.001)])"
034816,direct,AE,QSVR,highdim,7,5,42,fidelity,False,N/A,N/A,skopt,3x1,Par_n_Pople AE_mopac ZPE_TS_P ch_f exp_mopac Mul SMR_VSA9,,10.8686,N/A,5.9707,8.364,69.993551,61.704642,"OrderedDict([('C', 145.8294240356727), ('epsilon', 0.0757731449587549)])"
035327,direct,AE,QSVR,hubregtsen,7,1,42,fidelity,False,N/A,N/A,skopt,3x1,Par_n_Pople AE_mopac ZPE_TS_P ch_f exp_mopac Mul SMR_VSA9,,10.8686,N/A,6.7343,9.0358,81.882632,83.088367,"OrderedDict([('C', 1000.0), ('epsilon', 0.0016845264883484778)])"
035442,direct,AE,QSVR,chebyshev,7,3,42,fidelity,False,N/A,N/A,skopt,3x1,Par_n_Pople AE_mopac ZPE_TS_P ch_f exp_mopac Mul SMR_VSA9,,10.8686,N/A,6.095,8.8906,79.14291,56.713945,"OrderedDict([('C', 1000.0), ('epsilon', 0.004860943634069315)])"
035529,direct,AE,QSVR,hubregtsen,7,2,42,fidelity,False,N/A,N/A,skopt,3x1,Par_n_Pople AE_mopac ZPE_TS_P ch_f exp_mopac Mul SMR_VSA9,,10.8686,N/A,6.8422,9.3424,87.636801,87.57277,"OrderedDict([('C', 1000.0), ('epsilon', 0.00953291362458676)])"
035815,direct,AE,QSVR,paramz,7,2,42,fidelity,False,N/A,N/A,skopt,3x1,Par_n_Pople AE_mopac ZPE_TS_P ch_f exp_mopac Mul SMR_VSA9,,10.8686,N/A,6.8252,9.8844,97.924289,85.046285,"OrderedDict([('C', 1000.0), ('epsilon', 0.026572880488652348)])"
035819,direct,AE,QSVR,paramz,7,4,42,fidelity,False,N/A,N/A,skopt,3x1,Par_n_Pople AE_mopac ZPE_TS_P ch_f exp_mopac Mul SMR_VSA9,,10.8686,N/A,7.5411,12.0788,147.183912,126.693331,"OrderedDict([('C', 168.33987197639618), ('epsilon', 0.19524774141385562)])"
040021,direct,AE,QSVR,multicontrol,7,5,42,fidelity,False,N/A,N/A,skopt,3x1,Par_n_Pople AE_mopac ZPE_TS_P ch_f exp_mopac Mul SMR_VSA9,,10.8686,N/A,6.2829,8.7089,75.949829,70.102593,"OrderedDict([('C', 1000.0), ('epsilon', 0.6348623406272561)])"
040033,direct,AE,QSVR,chebyshev,7,4,42,fidelity,False,N/A,N/A,skopt,3x1,Par_n_Pople AE_mopac ZPE_TS_P ch_f exp_mopac Mul SMR_VSA9,,10.8686,N/A,6.0977,8.8549,78.515119,53.657175,"OrderedDict([('C', 1000.0), ('epsilon', 0.06342119025867707)])"
040401,direct,AE,QSVR,paramz,7,5,42,fidelity,False,N/A,N/A,skopt,3x1,Par_n_Pople AE_mopac ZPE_TS_P ch_f exp_mopac Mul SMR_VSA9,,10.8686,N/A,10.9581,17.8226,325.814648,273.85346,"OrderedDict([('C', 511.13420619552454), ('epsilon', 0.0037523811169095462)])"
040645,direct,AE,QSVR,multicontrol,7,3,42,fidelity,False,N/A,N/A,skopt,3x1,Par_n_Pople AE_mopac ZPE_TS_P ch_f exp_mopac Mul SMR_VSA9,,10.8686,N/A,6.4312,8.7766,77.200761,75.082673,"OrderedDict([('C', 1000.0), ('epsilon', 0.22750544806049672)])"
040806,direct,AE,QSVR,multicontrol,7,2,42,fidelity,False,N/A,N/A,skopt,3x1,Par_n_Pople AE_mopac ZPE_TS_P ch_f exp_mopac Mul SMR_VSA9,,10.8686,N/A,6.6124,8.9107,79.577773,78.358504,"OrderedDict([('C', 1000.0), ('epsilon', 0.001)])"
040911,direct,AE,QSVR,chebyshev,7,5,42,fidelity,False,N/A,N/A,skopt,3x1,Par_n_Pople AE_mopac ZPE_TS_P ch_f exp_mopac Mul SMR_VSA9,,10.8686,N/A,6.2035,9.389,88.364576,48.381708,"OrderedDict([('C', 1000.0), ('epsilon', 0.001)])"
041106,direct,AE,QSVR,paramz,7,1,42,fidelity,False,N/A,N/A,skopt,3x1,Par_n_Pople AE_mopac ZPE_TS_P ch_f exp_mopac Mul SMR_VSA9,,10.8686,N/A,7.0585,10.2978,106.083427,91.709602,"OrderedDict([('C', 1000.0), ('epsilon', 0.00822329809772998)])"
042132,direct,AE,QSVR,hubregtsen,7,5,42,fidelity,False,N/A,N/A,skopt,3x1,Par_n_Pople AE_mopac ZPE_TS_P ch_f exp_mopac Mul SMR_VSA9,,10.8686,N/A,6.4802,8.8163,77.860038,75.687642,"OrderedDict([('C', 1000.0), ('epsilon', 0.001)])"
044044,direct,AE,QSVR,hubregtsen,7,3,42,fidelity,False,N/A,N/A,skopt,3x1,Par_n_Pople AE_mopac ZPE_TS_P ch_f exp_mopac Mul SMR_VSA9,,10.8686,N/A,6.6383,8.9295,80.01255,80.080186,"OrderedDict([('C', 1000.0), ('epsilon', 0.001)])"
131233,delta,AE,QSVR,hubregtsen,9,1,42,fidelity,False,N/A,N/A,skopt,3x1,Par_n_Pople AE_mopac ZPE_TS_P ch_f exp_mopac Mul SMR_VSA9 lap_eig_1 Freq,,10.8686,N/A,6.3729,8.6038,74.045672,74.787665,"OrderedDict([('C', 1000.0), ('epsilon', 0.20497985354962991)])"
133852,delta,AE,QSVR,chebyshev,9,2,42,fidelity,False,N/A,N/A,skopt,3x1,Par_n_Pople AE_mopac ZPE_TS_P ch_f exp_mopac Mul SMR_VSA9 lap_eig_1 Freq,,10.8686,N/A,5.9955,8.3061,69.078599,58.160193,"OrderedDict([('C', 1000.0), ('epsilon', 0.008451048358901257)])"
140521,delta,AE,QSVR,multicontrol,9,3,42,fidelity,False,N/A,N/A,skopt,3x1,Par_n_Pople AE_mopac ZPE_TS_P ch_f exp_mopac Mul SMR_VSA9 lap_eig_1 Freq,,10.8686,N/A,5.9952,8.2702,68.419702,62.953856,"OrderedDict([('C', 1000.0), ('epsilon', 0.19280083127719494)])"
141103,delta,AE,QSVR,paramz,9,2,42,fidelity,False,N/A,N/A,skopt,3x1,Par_n_Pople AE_mopac ZPE_TS_P ch_f exp_mopac Mul SMR_VSA9 lap_eig_1 Freq,,10.8686,N/A,6.3879,9.3112,86.745044,48.363748,"OrderedDict([('C', 1000.0), ('epsilon', 0.2115954654837615)])"
141114,delta,AE,QSVR,highdim,9,3,42,fidelity,False,N/A,N/A,skopt,3x1,Par_n_Pople AE_mopac ZPE_TS_P ch_f exp_mopac Mul SMR_VSA9 lap_eig_1 Freq,,10.8686,N/A,6.1343,8.4819,72.281599,58.587742,"OrderedDict([('C', 297.4557999033631), ('epsilon', 0.24776119368863897)])"
144145,delta,AE,QSVR,yz_cx,9,3,42,fidelity,False,N/A,N/A,skopt,3x1,Par_n_Pople AE_mopac ZPE_TS_P ch_f exp_mopac Mul SMR_VSA9 lap_eig_1 Freq,,10.8686,N/A,5.9245,8.0992,65.633842,58.958133,"OrderedDict([('C', 592.8119227457424), ('epsilon', 0.19357557924847163)])"
144627,delta,AE,QSVR,hubregtsen,9,4,42,fidelity,False,N/A,N/A,skopt,3x1,Par_n_Pople AE_mopac ZPE_TS_P ch_f exp_mopac Mul SMR_VSA9 lap_eig_1 Freq,,10.8686,N/A,6.0908,8.317,69.178576,66.216314,"OrderedDict([('C', 1000.0), ('epsilon', 0.04738871971316915)])"
145305,delta,AE,QSVR,yz_cx,9,4,42,fidelity,False,N/A,N/A,skopt,3x1,Par_n_Pople AE_mopac ZPE_TS_P ch_f exp_mopac Mul SMR_VSA9 lap_eig_1 Freq,,10.8686,N/A,5.9173,8.0966,65.595224,59.053541,"OrderedDict([('C', 176.26799852279694), ('epsilon', 0.024629269913546484)])"
145749,delta,AE,QSVR,highdim,9,1,42,fidelity,False,N/A,N/A,skopt,3x1,Par_n_Pople AE_mopac ZPE_TS_P ch_f exp_mopac Mul SMR_VSA9 lap_eig_1 Freq,,10.8686,N/A,6.9767,9.3623,87.979051,86.54497,"OrderedDict([('C', 983.9040134317137), ('epsilon', 0.4810884605242446)])"
150404,delta,AE,QSVR,chebyshev,9,3,42,fidelity,False,N/A,N/A,skopt,3x1,Par_n_Pople AE_mopac ZPE_TS_P ch_f exp_mopac Mul SMR_VSA9 lap_eig_1 Freq,,10.8686,N/A,6.1524,9.5084,90.487952,38.34023,"OrderedDict([('C', 1000.0), ('epsilon', 0.24031722382960635)])"
150719,delta,AE,QSVR,highdim,9,5,42,fidelity,False,N/A,N/A,skopt,3x1,Par_n_Pople AE_mopac ZPE_TS_P ch_f exp_mopac Mul SMR_VSA9 lap_eig_1 Freq,,10.8686,N/A,5.9912,8.3152,69.276167,54.125744,"OrderedDict([('C', 69.48443607237722), ('epsilon', 0.4150064695763677)])"
151648,delta,AE,QSVR,yz_cx,9,5,42,fidelity,False,N/A,N/A,skopt,3x1,Par_n_Pople AE_mopac ZPE_TS_P ch_f exp_mopac Mul SMR_VSA9 lap_eig_1 Freq,,10.8686,N/A,5.7981,8.0509,64.852612,51.253875,"OrderedDict([('C', 282.72024318527866), ('epsilon', 0.15217593349406372)])"
154119,delta,AE,QSVR,multicontrol,9,2,42,fidelity,False,N/A,N/A,skopt,3x1,Par_n_Pople AE_mopac ZPE_TS_P ch_f exp_mopac Mul SMR_VSA9 lap_eig_1 Freq,,10.8686,N/A,6.2593,8.5498,73.124912,67.918398,"OrderedDict([('C', 1000.0), ('epsilon', 0.18189958927510658)])"
154946,delta,AE,QSVR,multicontrol,9,1,42,fidelity,False,N/A,N/A,skopt,3x1,Par_n_Pople AE_mopac ZPE_TS_P ch_f exp_mopac Mul SMR_VSA9 lap_eig_1 Freq,,10.8686,N/A,6.3728,8.6037,74.043903,74.786769,"OrderedDict([('C', 1000.0), ('epsilon', 0.20550121350349057)])"
155220,delta,AE,QSVR,multicontrol,9,4,42,fidelity,False,N/A,N/A,skopt,3x1,Par_n_Pople AE_mopac ZPE_TS_P ch_f exp_mopac Mul SMR_VSA9 lap_eig_1 Freq,,10.8686,N/A,5.9577,8.3805,70.277696,58.577416,"OrderedDict([('C', 957.9794021986805), ('epsilon', 0.10505882073430568)])"
162107,delta,AE,QSVR,chebyshev,9,1,42,fidelity,False,N/A,N/A,skopt,3x1,Par_n_Pople AE_mopac ZPE_TS_P ch_f exp_mopac Mul SMR_VSA9 lap_eig_1 Freq,,10.8686,N/A,6.4427,8.7824,77.155646,75.470893,"OrderedDict([('C', 1000.0), ('epsilon', 0.001)])"
162510,delta,AE,QSVR,chebyshev,9,4,42,fidelity,False,N/A,N/A,skopt,3x1,Par_n_Pople AE_mopac ZPE_TS_P ch_f exp_mopac Mul SMR_VSA9 lap_eig_1 Freq,,10.8686,N/A,5.8843,9.1571,83.854094,26.904209,"OrderedDict([('C', 1000.0), ('epsilon', 0.1651057769344733)])"
163052,delta,AE,QSVR,yz_cx,9,1,42,fidelity,False,N/A,N/A,skopt,3x1,Par_n_Pople AE_mopac ZPE_TS_P ch_f exp_mopac Mul SMR_VSA9 lap_eig_1 Freq,,10.8686,N/A,6.191,8.417,70.872348,68.127742,"OrderedDict([('C', 1000.0), ('epsilon', 0.31991306993446317)])"
164345,delta,AE,QSVR,yz_cx,9,2,42,fidelity,False,N/A,N/A,skopt,3x1,Par_n_Pople AE_mopac ZPE_TS_P ch_f exp_mopac Mul SMR_VSA9 lap_eig_1 Freq,,10.8686,N/A,5.9992,8.3948,70.496748,61.68413,"OrderedDict([('C', 980.6333973536513), ('epsilon', 0.3935889589014789)])"
182221,delta,AE,QSVR,hubregtsen,9,3,42,fidelity,False,N/A,N/A,skopt,3x1,Par_n_Pople AE_mopac ZPE_TS_P ch_f exp_mopac Mul SMR_VSA9 lap_eig_1 Freq,,10.8686,N/A,6.0466,8.3024,68.939162,65.490791,"OrderedDict([('C', 1000.0), ('epsilon', 0.1086424649755549)])"
195429,delta,AE,QSVR,chebyshev,9,5,42,fidelity,False,N/A,N/A,skopt,3x1,Par_n_Pople AE_mopac ZPE_TS_P ch_f exp_mopac Mul SMR_VSA9 lap_eig_1 Freq,,10.8686,N/A,6.0135,9.227,85.145644,19.123274,"OrderedDict([('C', 1000.0), ('epsilon', 0.001)])"
201646,delta,AE,QSVR,hubregtsen,9,2,42,fidelity,False,N/A,N/A,skopt,3x1,Par_n_Pople AE_mopac ZPE_TS_P ch_f exp_mopac Mul SMR_VSA9 lap_eig_1 Freq,,10.8686,N/A,6.2511,8.5307,72.812233,71.830136,"OrderedDict([('C', 1000.0), ('epsilon', 0.5024357246858203)])"
202926,delta,AE,QSVR,highdim,9,4,42,fidelity,False,N/A,N/A,skopt,3x1,Par_n_Pople AE_mopac ZPE_TS_P ch_f exp_mopac Mul SMR_VSA9 lap_eig_1 Freq,,10.8686,N/A,6.0457,8.3674,70.190351,56.278755,"OrderedDict([('C', 118.28096513063491), ('epsilon', 0.31230417612081973)])"
212327,delta,AE,QSVR,multicontrol,9,5,42,fidelity,False,N/A,N/A,skopt,3x1,Par_n_Pople AE_mopac ZPE_TS_P ch_f exp_mopac Mul SMR_VSA9 lap_eig_1 Freq,,10.8686,N/A,5.9479,8.2639,68.328366,57.685528,"OrderedDict([('C', 404.3264696032328), ('epsilon', 0.003441769398477746)])"
223220,delta,AE,QSVR,highdim,9,2,42,fidelity,False,N/A,N/A,skopt,3x1,Par_n_Pople AE_mopac ZPE_TS_P ch_f exp_mopac Mul SMR_VSA9 lap_eig_1 Freq,,10.8686,N/A,6.3447,8.6562,75.15169,65.022698,"OrderedDict([('C', 693.3218820770476), ('epsilon', 1.1303469755889977)])"
230641,delta,AE,QSVR,paramz,9,1,42,fidelity,False,N/A,N/A,skopt,3x1,Par_n_Pople AE_mopac ZPE_TS_P ch_f exp_mopac Mul SMR_VSA9 lap_eig_1 Freq,,10.8686,N/A,6.7078,9.8084,96.268721,63.427567,"OrderedDict([('C', 1000.0), ('epsilon', 1.0494945332359604)])"
233405,delta,AE,QSVR,paramz,9,5,42,fidelity,False,N/A,N/A,skopt,3x1,Par_n_Pople AE_mopac ZPE_TS_P ch_f exp_mopac Mul SMR_VSA9 lap_eig_1 Freq,,10.8686,N/A,7.1803,10.2321,104.695294,44.197858,"OrderedDict([('C', 488.6443321608196), ('epsilon', 1.0331578636030991)])"
235332,delta,AE,QSVR,paramz,9,4,42,fidelity,False,N/A,N/A,skopt,3x1,Par_n_Pople AE_mopac ZPE_TS_P ch_f exp_mopac Mul SMR_VSA9 lap_eig_1 Freq,,10.8686,N/A,6.8578,10.0808,101.631441,52.361953,"OrderedDict([('C', 400.66462626501175), ('epsilon', 0.39027578170155025)])"
023612,delta,AE,QSVR,hubregtsen,9,5,42,fidelity,False,N/A,N/A,skopt,3x1,Par_n_Pople AE_mopac ZPE_TS_P ch_f exp_mopac Mul SMR_VSA9 lap_eig_1 Freq,,10.8686,N/A,6.0188,8.2467,68.014475,63.323928,"OrderedDict([('C', 991.5590159312893), ('epsilon', 0.20384096397587032)])"
031956,direct,AE,QSVR,hubregtsen,9,1,42,fidelity,False,N/A,N/A,skopt,3x1,Par_n_Pople AE_mopac ZPE_TS_P ch_f exp_mopac Mul SMR_VSA9 lap_eig_1 Freq,,10.8686,N/A,6.4033,8.6257,74.417969,75.149282,"OrderedDict([('C', 1000.0), ('epsilon', 0.001)])"
033013,direct,AE,QSVR,highdim,9,3,42,fidelity,False,N/A,N/A,skopt,3x1,Par_n_Pople AE_mopac ZPE_TS_P ch_f exp_mopac Mul SMR_VSA9 lap_eig_1 Freq,,10.8686,N/A,6.1312,8.5241,73.007074,58.263721,"OrderedDict([('C', 308.7985584749016), ('epsilon', 0.0028022515534392163)])"
042709,direct,AE,QSVR,chebyshev,9,2,42,fidelity,False,N/A,N/A,skopt,3x1,Par_n_Pople AE_mopac ZPE_TS_P ch_f exp_mopac Mul SMR_VSA9 lap_eig_1 Freq,,10.8686,N/A,5.9799,8.242,68.017532,58.207265,"OrderedDict([('C', 1000.0), ('epsilon', 0.001)])"
042835,direct,AE,QSVR,multicontrol,9,3,42,fidelity,False,N/A,N/A,skopt,3x1,Par_n_Pople AE_mopac ZPE_TS_P ch_f exp_mopac Mul SMR_VSA9 lap_eig_1 Freq,,10.8686,N/A,6.0018,8.2868,68.704403,63.082679,"OrderedDict([('C', 1000.0), ('epsilon', 0.0394737022071818)])"
051058,direct,AE,QSVR,paramz,9,2,42,fidelity,False,N/A,N/A,skopt,3x1,Par_n_Pople AE_mopac ZPE_TS_P ch_f exp_mopac Mul SMR_VSA9 lap_eig_1 Freq,,10.8686,N/A,6.6763,10.491,110.253678,58.877209,"OrderedDict([('C', 1000.0), ('epsilon', 0.010459177326624993)])"
054840,direct,AE,QSVR,multicontrol,9,1,42,fidelity,False,N/A,N/A,skopt,3x1,Par_n_Pople AE_mopac ZPE_TS_P ch_f exp_mopac Mul SMR_VSA9 lap_eig_1 Freq,,10.8686,N/A,6.4033,8.6257,74.417969,75.149282,"OrderedDict([('C', 1000.0), ('epsilon', 0.001)])"
060217,direct,AE,QSVR,highdim,9,1,42,fidelity,False,N/A,N/A,skopt,3x1,Par_n_Pople AE_mopac ZPE_TS_P ch_f exp_mopac Mul SMR_VSA9 lap_eig_1 Freq,,10.8686,N/A,7.1406,9.5754,92.037851,90.619129,"OrderedDict([('C', 1000.0), ('epsilon', 0.001)])"
061051,direct,AE,QSVR,highdim,9,5,42,fidelity,False,N/A,N/A,skopt,3x1,Par_n_Pople AE_mopac ZPE_TS_P ch_f exp_mopac Mul SMR_VSA9 lap_eig_1 Freq,,10.8686,N/A,6.01,8.3717,70.281425,53.60861,"OrderedDict([('C', 78.79347212133324), ('epsilon', 0.009595802512849914)])"
062744,direct,AE,QSVR,chebyshev,9,3,42,fidelity,False,N/A,N/A,skopt,3x1,Par_n_Pople AE_mopac ZPE_TS_P ch_f exp_mopac Mul SMR_VSA9 lap_eig_1 Freq,,10.8686,N/A,6.1759,9.4051,88.594136,38.400185,"OrderedDict([('C', 1000.0), ('epsilon', 0.03098320827736785)])"
063702,direct,AE,QSVR,multicontrol,9,2,42,fidelity,False,N/A,N/A,skopt,3x1,Par_n_Pople AE_mopac ZPE_TS_P ch_f exp_mopac Mul SMR_VSA9 lap_eig_1 Freq,,10.8686,N/A,6.2568,8.5557,73.220434,68.06237,"OrderedDict([('C', 1000.0), ('epsilon', 0.10669514730048016)])"
063744,direct,AE,QSVR,yz_cx,9,3,42,fidelity,False,N/A,N/A,skopt,3x1,Par_n_Pople AE_mopac ZPE_TS_P ch_f exp_mopac Mul SMR_VSA9 lap_eig_1 Freq,,10.8686,N/A,5.9161,8.1191,65.979543,58.071363,"OrderedDict([('C', 767.4820715899903), ('epsilon', 0.2700187011458374)])"
071908,direct,AE,QSVR,yz_cx,9,4,42,fidelity,False,N/A,N/A,skopt,3x1,Par_n_Pople AE_mopac ZPE_TS_P ch_f exp_mopac Mul SMR_VSA9 lap_eig_1 Freq,,10.8686,N/A,5.8784,8.0656,65.110564,58.321379,"OrderedDict([('C', 217.0343954667866), ('epsilon', 0.002362402481109456)])"
073912,direct,AE,QSVR,hubregtsen,9,4,42,fidelity,False,N/A,N/A,skopt,3x1,Par_n_Pople AE_mopac ZPE_TS_P ch_f exp_mopac Mul SMR_VSA9 lap_eig_1 Freq,,10.8686,N/A,6.8657,9.7043,94.287203,87.603041,"OrderedDict([('C', 897.1654807823227), ('epsilon', 0.001)])"
080109,direct,AE,QSVR,chebyshev,9,4,42,fidelity,False,N/A,N/A,skopt,3x1,Par_n_Pople AE_mopac ZPE_TS_P ch_f exp_mopac Mul SMR_VSA9 lap_eig_1 Freq,,10.8686,N/A,5.8822,9.1581,83.88443,27.053263,"OrderedDict([('C', 1000.0), ('epsilon', 0.002986651360316763)])"
080330,direct,AE,QSVR,multicontrol,9,4,42,fidelity,False,N/A,N/A,skopt,3x1,Par_n_Pople AE_mopac ZPE_TS_P ch_f exp_mopac Mul SMR_VSA9 lap_eig_1 Freq,,10.8686,N/A,5.9738,8.3981,70.575295,58.435003,"OrderedDict([('C', 1000.0), ('epsilon', 0.12858115336321446)])"
084950,direct,AE,QSVR,chebyshev,9,1,42,fidelity,False,N/A,N/A,skopt,3x1,Par_n_Pople AE_mopac ZPE_TS_P ch_f exp_mopac Mul SMR_VSA9 lap_eig_1 Freq,,10.8686,N/A,6.4949,8.9413,80.001707,84.954574,"OrderedDict([('C', 1000.0), ('epsilon', 0.25230110752229995)])"
091053,direct,AE,QSVR,yz_cx,9,5,42,fidelity,False,N/A,N/A,skopt,3x1,Par_n_Pople AE_mopac ZPE_TS_P ch_f exp_mopac Mul SMR_VSA9 lap_eig_1 Freq,,10.8686,N/A,5.7764,7.9973,64.01307,50.873711,"OrderedDict([('C', 311.8571935587726), ('epsilon', 0.07040746874061005)])"
112450,direct,AE,QSVR,yz_cx,9,2,42,fidelity,False,N/A,N/A,skopt,3x1,Par_n_Pople AE_mopac ZPE_TS_P ch_f exp_mopac Mul SMR_VSA9 lap_eig_1 Freq,,10.8686,N/A,6.0001,8.39,70.425167,61.772999,"OrderedDict([('C', 1000.0), ('epsilon', 0.029048499991319338)])"
114939,delta,AE,QSVR,paramz,9,3,42,fidelity,False,N/A,N/A,skopt,3x1,Par_n_Pople AE_mopac ZPE_TS_P ch_f exp_mopac Mul SMR_VSA9 lap_eig_1 Freq,,10.8686,N/A,7.1016,10.4266,108.714862,53.166578,"OrderedDict([('C', 609.3956021211587), ('epsilon', 0.38429003217218083)])"
130048,direct,AE,QSVR,yz_cx,9,1,42,fidelity,False,N/A,N/A,skopt,3x1,Par_n_Pople AE_mopac ZPE_TS_P ch_f exp_mopac Mul SMR_VSA9 lap_eig_1 Freq,,10.8686,N/A,6.1841,8.4338,71.146779,68.297197,"OrderedDict([('C', 1000.0), ('epsilon', 0.0010000656142330599)])"
130516,direct,AE,QSVR,hubregtsen,9,2,42,fidelity,False,N/A,N/A,skopt,3x1,Par_n_Pople AE_mopac ZPE_TS_P ch_f exp_mopac Mul SMR_VSA9 lap_eig_1 Freq,,10.8686,N/A,6.4489,8.8978,79.262508,77.701297,"OrderedDict([('C', 1000.0), ('epsilon', 0.003014634105097799)])"
132936,direct,AE,QSVR,chebyshev,9,5,42,fidelity,False,N/A,N/A,skopt,3x1,Par_n_Pople AE_mopac ZPE_TS_P ch_f exp_mopac Mul SMR_VSA9 lap_eig_1 Freq,,10.8686,N/A,6.0853,9.3487,87.406431,19.10281,"OrderedDict([('C', 1000.0), ('epsilon', 0.04095542983427201)])"
141855,direct,AE,QSVR,hubregtsen,9,3,42,fidelity,False,N/A,N/A,skopt,3x1,Par_n_Pople AE_mopac ZPE_TS_P ch_f exp_mopac Mul SMR_VSA9 lap_eig_1 Freq,,10.8686,N/A,6.0373,8.3112,69.079283,65.452522,"OrderedDict([('C', 1000.0), ('epsilon', 0.032081167848240916)])"
153136,direct,AE,QSVR,multicontrol,9,5,42,fidelity,False,N/A,N/A,skopt,3x1,Par_n_Pople AE_mopac ZPE_TS_P ch_f exp_mopac Mul SMR_VSA9 lap_eig_1 Freq,,10.8686,N/A,5.9387,8.2717,68.467937,57.305898,"OrderedDict([('C', 459.58967504122234), ('epsilon', 0.003452135334403852)])"
190257,direct,AE,QSVR,paramz,9,5,42,fidelity,False,N/A,N/A,skopt,3x1,Par_n_Pople AE_mopac ZPE_TS_P ch_f exp_mopac Mul SMR_VSA9 lap_eig_1 Freq,,10.8686,N/A,8.3024,12.7271,162.120693,81.079255,"OrderedDict([('C', 528.8472081280509), ('epsilon', 0.02774194155152553)])"
203628,direct,AE,QSVR,highdim,9,2,42,fidelity,False,N/A,N/A,skopt,3x1,Par_n_Pople AE_mopac ZPE_TS_P ch_f exp_mopac Mul SMR_VSA9 lap_eig_1 Freq,,10.8686,N/A,6.3435,8.7426,76.738739,63.672879,"OrderedDict([('C', 1000.0), ('epsilon', 0.6218672418942647)])"
205648,direct,AE,QSVR,paramz,9,1,42,fidelity,False,N/A,N/A,skopt,3x1,Par_n_Pople AE_mopac ZPE_TS_P ch_f exp_mopac Mul SMR_VSA9 lap_eig_1 Freq,,10.8686,N/A,6.7876,9.913,98.358622,71.115942,"OrderedDict([('C', 1000.0), ('epsilon', 0.23731304650839558)])"
221026,direct,AE,QSVR,paramz,9,4,42,fidelity,False,N/A,N/A,skopt,3x1,Par_n_Pople AE_mopac ZPE_TS_P ch_f exp_mopac Mul SMR_VSA9 lap_eig_1 Freq,,10.8686,N/A,8.3792,13.5892,185.305635,92.608804,"OrderedDict([('C', 636.4849948369523), ('epsilon', 0.0010302860639488452)])"
012819,direct,AE,QSVR,highdim,9,4,42,fidelity,False,N/A,N/A,skopt,3x1,Par_n_Pople AE_mopac ZPE_TS_P ch_f exp_mopac Mul SMR_VSA9 lap_eig_1 Freq,,10.8686,N/A,6.0023,8.3608,70.186411,53.848383,"OrderedDict([('C', 197.36144422225752), ('epsilon', 0.06640269758069021)])"
024520,direct,AE,QSVR,hubregtsen,9,5,42,fidelity,False,N/A,N/A,skopt,3x1,Par_n_Pople AE_mopac ZPE_TS_P ch_f exp_mopac Mul SMR_VSA9 lap_eig_1 Freq,,10.8686,N/A,6.0244,8.2601,68.23311,63.299518,"OrderedDict([('C', 1000.0), ('epsilon', 0.005231133907869923)])"
065507,direct,AE,QSVR,paramz,9,3,42,fidelity,False,N/A,N/A,skopt,3x1,Par_n_Pople AE_mopac ZPE_TS_P ch_f exp_mopac Mul SMR_VSA9 lap_eig_1 Freq,,10.8686,N/A,7.6986,12.0278,144.752544,65.366051,"OrderedDict([('C', 1000.0), ('epsilon', 0.20815282894043266)])"
